Month,temperature,min_temp,max_temp,delta,Pollen,Fine_dust,Ultra_dust,Rainfall,Weather,humidity,label
1,-5,-12,-4,8,0,108,57,0,3,48,0
1,3,-1,11,12,1,166,114,1,0,58,1
1,1,-6,2,8,1,320,92,0,0,21,1
1,-1,-2,4,6,1,122,114,1,0,41,0
1,1,-1,8,9,1,151,30,1,4,31,0
1,-2,-3,5,8,2,213,78,0,3,49,0
1,-11,-12,-5,7,0,67,31,1,3,57,0
1,-10,-12,-3,9,0,242,28,0,0,34,0
1,-6,-8,3,11,3,266,79,1,0,36,1
1,2,-4,3,7,0,269,15,1,3,36,0
1,4,-3,6,9,0,99,106,0,3,28,0
1,-11,-13,-7,6,0,222,54,0,3,22,0
1,1,-2,2,4,0,249,48,0,3,35,0
1,-7,-11,-2,9,0,191,74,0,3,32,0
1,1,-4,8,12,3,113,115,0,4,59,1
1,-6,-12,0,12,1,231,53,1,3,52,1
1,3,0,11,11,0,269,77,1,4,36,1
1,6,-3,9,12,3,128,65,1,0,53,1
1,-8,-16,1,17,0,43,34,1,3,27,0
1,-4,-6,4,10,1,82,47,1,0,38,0
1,-8,-12,-5,7,1,120,48,1,0,58,0
1,-1,-8,1,9,0,31,36,1,4,34,0
1,-9,-15,-7,8,0,73,43,0,3,24,0
1,-8,-11,-1,10,3,118,26,0,4,24,0
1,3,-4,10,14,1,102,44,0,0,36,0
1,6,5,11,6,3,210,119,0,0,50,1
1,3,0,9,9,3,28,107,1,0,34,0
1,-4,-7,-1,6,3,289,69,1,3,32,1
1,-5,-9,-4,5,0,157,58,0,4,41,0
1,-8,-17,-2,15,0,293,45,0,3,31,0
1,-9,-14,-7,7,1,254,109,0,0,33,1
2,0,-5,6,11,0,162,44,1,4,38,1
2,1,-1,7,8,3,154,112,0,0,50,1
2,1,-3,5,8,2,258,43,1,0,55,1
2,-2,-7,5,12,1,288,109,1,0,51,1
2,-6,-15,-4,11,3,229,75,0,4,54,1
2,7,1,12,11,2,104,47,0,4,36,0
2,-1,-3,7,10,3,93,119,0,4,52,0
2,5,0,8,8,1,185,97,0,3,56,0
2,-5,-10,0,10,2,260,46,0,3,37,0
2,-1,-3,1,4,3,104,102,1,3,51,0
2,3,-1,8,9,2,199,53,1,4,53,1
2,4,-4,9,13,0,194,74,1,0,34,1
2,-5,-8,-3,5,3,157,23,0,3,49,0
2,-7,-9,-3,6,1,288,93,1,4,55,1
2,7,0,14,14,3,106,30,1,4,49,0
2,9,2,10,8,0,201,99,1,4,22,1
2,-2,-11,2,13,3,166,73,0,4,34,1
2,1,-6,6,12,2,212,40,1,3,26,0
2,-6,-8,-3,5,3,199,91,1,0,48,1
2,3,1,11,10,2,268,45,0,3,35,0
2,7,-1,15,16,2,200,100,1,4,52,1
2,-5,-12,2,14,3,33,110,0,3,43,0
2,0,-3,6,9,3,136,74,1,4,35,1
2,5,-2,12,14,2,220,62,0,4,35,1
2,9,3,15,12,0,108,12,0,0,30,0
2,8,4,9,5,2,294,97,0,3,56,0
2,3,-3,11,14,0,147,113,0,0,43,1
2,6,0,11,11,2,294,99,0,0,24,1
3,-2,-8,2,10,1,302,65,0,5,36,0
3,5,-1,13,14,0,65,19,1,5,54,0
3,5,-2,12,14,1,231,22,0,3,44,0
3,-1,-6,3,9,0,259,118,1,3,47,0
3,3,2,11,9,2,140,90,1,3,46,0
3,-2,-11,0,11,0,104,80,0,5,43,0
3,-1,-5,0,5,0,225,59,1,3,39,0
3,-2,-8,6,14,1,231,80,0,0,39,1
3,-1,-8,1,9,1,104,72,1,3,47,0
3,-2,-7,1,8,1,278,27,0,5,59,0
3,4,0,6,6,1,221,52,0,0,41,1
3,8,5,12,7,0,74,111,0,5,30,0
3,-2,-7,-1,6,3,263,81,1,0,31,1
3,12,9,16,7,0,302,50,1,5,32,0
3,10,3,12,9,2,178,46,0,3,21,0
3,-1,-6,7,13,1,242,40,1,5,21,0
3,5,0,8,8,3,267,86,0,0,57,1
3,12,4,20,16,3,275,99,1,0,34,1
3,10,8,16,8,1,166,24,0,0,47,0
3,12,3,16,13,1,193,99,1,3,40,1
3,-3,-11,5,16,3,52,43,1,3,48,0
3,9,5,15,10,1,155,85,0,5,36,0
3,7,-1,10,11,3,332,49,0,5,20,1
3,-3,-4,6,10,2,60,89,0,0,51,0
3,1,-7,6,13,1,53,110,1,5,36,0
3,6,-2,7,9,1,109,36,0,0,20,0
3,7,4,12,8,1,43,83,1,5,50,0
3,10,4,18,14,2,266,88,1,0,27,1
3,8,5,11,6,1,344,21,1,0,30,0
3,7,-1,15,16,1,180,29,1,0,32,1
3,2,-6,3,9,3,93,99,1,0,21,0
4,20,16,23,7,3,310,85,0,5,38,1
4,3,0,4,4,3,70,89,1,0,50,1
4,4,1,12,11,2,56,73,0,0,22,0
4,8,3,12,9,3,280,73,1,3,49,1
4,4,-3,7,10,3,27,33,0,3,28,0
4,8,4,11,7,2,228,102,0,3,37,0
4,17,11,20,9,2,258,25,1,3,47,0
4,16,7,17,10,3,239,37,1,0,26,1
4,16,11,24,13,3,248,86,1,5,34,1
4,16,10,21,11,3,212,115,1,3,48,1
4,22,18,26,8,2,177,12,0,5,51,0
4,6,-3,14,17,3,191,72,1,5,45,1
4,14,9,15,6,2,277,76,0,0,31,1
4,5,1,9,8,2,349,61,0,0,37,1
4,17,12,22,10,2,203,45,1,0,26,1
4,14,7,22,15,3,123,46,1,0,41,1
4,19,18,20,2,3,53,88,1,0,41,1
4,6,2,10,8,3,78,84,1,3,45,0
4,19,10,24,14,2,277,29,0,0,55,1
4,11,5,14,9,3,116,77,1,0,26,1
4,13,7,21,14,3,147,19,0,0,46,1
4,19,16,24,8,3,335,55,1,0,33,1
4,18,14,24,10,3,148,102,0,3,21,1
4,6,5,7,2,2,124,94,0,5,48,0
4,21,20,29,9,2,299,19,0,0,49,0
4,19,14,21,7,3,138,113,1,5,34,0
4,14,7,21,14,2,294,96,1,3,37,1
4,4,1,6,5,3,72,11,1,5,21,0
4,12,3,14,11,2,138,10,0,5,59,0
4,10,9,18,9,3,97,15,0,5,55,0
5,8,1,15,14,3,181,53,1,0,27,1
5,24,23,28,5,3,223,61,0,3,26,1
5,23,16,27,11,3,163,36,0,5,43,0
5,13,11,19,8,3,47,46,1,0,48,0
5,26,22,34,12,3,123,102,0,3,27,0
5,14,9,19,10,3,239,90,0,3,23,1
5,15,11,22,11,3,247,18,1,5,41,0
5,10,7,11,4,2,305,114,1,0,29,1
5,22,20,27,7,2,159,77,1,0,30,1
5,17,9,19,10,2,144,117,1,3,42,0
5,10,9,13,4,2,122,44,0,5,50,0
5,14,8,23,15,2,330,91,1,3,57,1
5,9,3,12,9,3,124,81,0,3,46,0
5,12,7,16,9,3,235,12,1,3,37,0
5,20,19,23,4,2,337,66,1,5,40,1
5,24,22,32,10,3,168,68,0,3,37,1
5,19,15,22,7,2,340,64,0,0,56,1
5,18,12,19,7,3,66,10,0,3,55,0
5,8,2,15,13,2,48,33,0,0,41,0
5,8,-1,11,12,2,28,73,0,5,55,0
5,16,13,17,4,3,156,61,0,5,36,1
5,9,4,17,13,3,50,96,1,5,38,1
5,26,22,34,12,3,192,31,0,3,46,0
5,15,6,18,12,3,242,28,1,0,39,1
5,16,11,17,6,2,78,83,1,5,27,0
5,10,1,12,11,2,218,12,1,3,22,0
5,25,23,30,7,3,71,27,1,5,50,0
5,8,3,12,9,3,60,49,0,3,26,0
5,10,3,16,13,3,140,15,0,5,49,0
5,20,13,21,8,3,183,97,1,3,57,1
5,25,16,34,18,2,329,22,0,0,28,1
6,14,10,16,6,0,173,76,1,2,86,0
6,19,17,21,4,0,294,102,0,0,77,1
6,15,10,23,13,2,285,115,0,2,65,1
6,15,14,22,8,2,182,59,1,0,60,1
6,25,20,32,12,2,213,11,0,2,55,0
6,23,14,30,16,0,165,93,1,3,69,1
6,25,24,34,10,2,207,65,0,0,53,1
6,19,11,26,15,0,256,18,1,3,72,0
6,22,19,26,7,3,137,103,0,3,90,0
6,20,17,27,10,0,330,37,1,2,91,0
6,30,25,39,14,2,149,60,0,2,91,1
6,25,24,34,10,3,215,104,0,2,79,1
6,31,26,39,13,0,273,12,0,2,51,0
6,21,14,25,11,2,226,56,1,0,61,1
6,16,7,21,14,2,130,64,0,2,87,0
6,29,26,35,9,2,327,24,0,0,81,0
6,19,14,27,13,1,139,51,0,3,91,0
6,17,12,19,7,0,318,62,1,2,85,0
6,27,22,33,11,3,61,83,1,0,60,1
6,21,15,24,9,0,163,82,0,2,87,0
6,25,16,33,17,1,153,81,1,2,74,1
6,28,27,33,6,3,28,84,1,3,77,0
6,30,28,32,4,2,152,68,0,3,51,0
6,18,11,23,12,2,219,16,0,2,82,0
6,26,23,34,11,0,112,90,1,2,61,0
6,24,15,31,16,0,43,59,0,2,65,0
6,14,10,23,13,2,68,103,0,0,94,1
6,18,10,21,11,1,48,62,0,2,79,0
6,16,7,22,15,1,94,52,1,0,96,1
6,17,9,26,17,0,259,17,0,0,90,0
7,30,27,31,4,1,61,27,2,0,53,0
7,19,14,20,6,1,85,96,2,3,81,0
7,17,9,22,13,1,316,33,2,0,86,1
7,30,25,33,8,1,292,17,2,2,96,0
7,31,24,39,15,0,185,17,2,3,74,0
7,29,24,34,10,3,51,20,2,2,79,0
7,23,22,26,4,0,158,76,2,3,85,0
7,23,18,28,10,3,303,110,2,2,60,1
7,19,18,25,7,0,97,110,2,0,55,0
7,23,20,27,7,3,330,94,2,0,56,1
7,17,12,26,14,1,301,32,2,0,71,1
7,24,23,32,9,1,226,105,2,3,64,1
7,25,19,27,8,0,293,92,2,3,98,0
7,21,15,23,8,0,215,11,2,0,88,0
7,30,28,39,11,1,303,119,2,3,88,1
7,27,22,30,8,2,184,14,2,3,97,0
7,25,17,27,10,1,337,65,2,3,62,1
7,19,17,28,11,2,259,93,2,3,89,1
7,23,15,30,15,2,318,89,2,2,95,1
7,32,28,36,8,3,40,43,2,0,54,0
7,32,29,36,7,1,92,76,2,0,84,0
7,29,26,33,7,2,307,74,2,3,74,1
7,18,10,19,9,1,141,72,2,0,70,1
7,18,11,26,15,3,141,39,2,0,55,1
7,25,21,32,11,3,178,98,2,3,62,1
7,18,10,19,9,1,260,52,2,2,67,1
7,18,13,22,9,3,36,80,2,0,80,1
7,31,25,40,15,1,162,12,2,3,54,0
7,32,24,34,10,3,164,55,2,3,65,1
7,20,15,25,10,1,148,79,2,3,52,1
7,22,16,23,7,3,93,83,2,2,62,0
8,30,28,34,6,0,37,40,2,0,92,0
8,33,32,36,4,2,194,91,2,2,76,1
8,25,17,26,9,3,161,91,2,2,56,1
8,17,13,26,13,3,164,54,2,3,97,1
8,20,17,24,7,1,169,49,2,0,78,1
8,34,27,35,8,3,106,91,2,0,97,1
8,22,15,24,9,0,346,18,2,3,98,0
8,21,16,24,8,3,200,99,2,0,80,1
8,30,28,31,3,2,98,102,2,2,99,0
8,27,19,31,12,2,51,88,2,0,57,1
8,26,20,35,15,2,54,46,2,3,67,0
8,31,25,34,9,2,102,27,2,0,82,0
8,23,21,26,5,2,255,26,2,0,87,1
8,21,17,26,9,0,264,111,2,3,68,1
8,27,26,32,6,0,105,33,2,0,59,0
8,28,26,32,6,3,122,45,2,2,56,0
8,25,18,26,8,2,129,21,2,0,50,0
8,27,23,30,7,2,227,10,2,0,57,1
8,26,20,30,10,0,186,57,2,0,78,1
8,19,15,20,5,3,215,112,2,0,92,1
8,26,23,29,6,1,274,111,2,2,79,1
8,26,20,27,7,3,151,111,2,3,73,1
8,19,14,21,7,0,189,58,2,0,95,1
8,30,28,39,11,0,157,62,2,3,98,1
8,17,16,18,2,2,278,93,2,3,73,1
8,31,26,37,11,0,312,107,2,3,83,1
8,23,21,32,11,0,338,85,2,0,67,1
8,19,17,20,3,0,277,37,2,3,91,0
8,29,27,32,5,2,115,44,2,3,86,0
8,17,16,20,4,2,253,26,2,0,77,1
8,20,13,27,14,2,81,105,2,0,74,1
9,21,19,29,10,3,338,44,2,0,62,1
9,13,11,14,3,3,70,86,2,5,97,0
9,23,16,32,16,3,256,38,2,2,90,1
9,22,21,25,4,2,150,69,2,0,70,1
9,13,7,14,7,3,244,79,2,2,98,1
9,23,15,30,15,3,167,84,2,3,90,1
9,23,21,32,11,3,314,61,2,0,51,1
9,12,3,14,11,3,122,74,2,5,76,1
9,19,13,21,8,2,148,102,2,2,70,1
9,24,18,33,15,2,193,63,2,2,50,1
9,12,10,17,7,2,322,38,2,5,70,0
9,20,14,28,14,3,234,55,2,2,59,1
9,24,22,27,5,2,192,71,2,2,63,1
9,15,11,22,11,2,207,16,2,3,78,0
9,16,10,18,8,2,79,39,2,3,74,0
9,12,4,15,11,3,220,77,2,0,94,1
9,30,27,39,12,3,168,57,2,3,65,1
9,17,11,26,15,3,50,65,2,3,59,1
9,13,7,15,8,3,222,62,2,2,72,1
9,25,22,31,9,3,194,25,2,5,59,0
9,25,21,27,6,2,168,94,2,2,75,1
9,15,11,18,7,2,84,19,2,2,96,0
9,22,14,24,10,2,325,114,2,2,61,1
9,25,21,27,6,3,64,78,2,2,68,1
9,21,14,23,9,3,291,84,2,2,86,1
9,26,24,28,4,2,184,53,2,5,86,1
9,27,18,28,10,2,309,21,2,3,83,0
9,28,24,34,10,2,287,104,2,0,94,1
9,26,17,31,14,2,131,88,2,3,80,1
9,19,14,24,10,2,271,104,2,0,66,1
10,18,13,19,6,3,175,98,1,5,48,1
10,5,-1,14,15,2,235,28,0,5,21,0
10,22,19,25,6,2,232,104,1,3,42,1
10,5,4,11,7,3,77,33,0,5,44,0
10,16,12,22,10,2,194,71,0,2,40,1
10,23,17,24,7,3,63,117,1,2,35,0
10,5,-2,10,12,2,291,107,0,2,51,1
10,17,9,25,16,3,102,28,0,3,32,0
10,8,6,12,6,3,191,12,1,0,29,1
10,14,8,19,11,3,43,63,1,2,46,1
10,8,6,16,10,2,308,92,1,0,50,1
10,17,11,20,9,3,162,22,1,3,48,0
10,15,9,23,14,2,132,53,0,2,38,0
10,23,17,28,11,3,248,15,0,5,49,0
10,20,11,21,10,2,285,92,1,2,24,1
10,8,4,9,5,2,343,68,0,3,31,0
10,14,7,23,16,2,78,37,1,3,35,0
10,21,19,24,5,3,31,11,0,3,52,0
10,6,-1,8,9,2,314,113,1,3,57,1
10,19,18,23,5,3,80,22,1,2,37,0
10,22,13,25,12,3,265,12,0,0,47,1
10,17,11,20,9,2,216,51,0,2,35,1
10,6,3,11,8,2,125,51,0,5,58,0
10,11,4,13,9,2,131,118,1,3,25,0
10,23,17,30,13,2,285,36,0,2,22,1
10,7,4,15,11,3,327,109,0,0,36,1
10,5,-4,6,10,2,70,30,1,0,20,0
10,18,11,25,14,3,204,100,1,0,22,1
10,8,4,11,7,2,269,39,1,0,31,1
10,12,4,13,9,3,273,31,1,5,57,0
10,23,20,26,6,2,81,37,0,3,29,0
11,4,0,13,13,2,187,56,1,3,53,1
11,1,-2,2,4,1,326,15,1,3,20,0
11,-2,-5,7,12,0,275,62,1,3,39,1
11,9,8,10,2,0,308,104,0,0,33,0
11,1,-8,8,16,3,92,69,1,3,29,0
11,-1,-5,5,10,1,143,49,1,0,42,0
11,16,8,18,10,0,26,18,0,3,48,0
11,14,12,19,7,2,236,31,0,5,40,0
11,15,14,21,7,3,254,90,1,3,49,1
11,15,10,19,9,2,283,40,1,2,55,0
11,7,5,8,3,1,256,57,1,5,21,0
11,3,0,11,11,3,39,24,1,2,50,0
11,6,-2,8,10,2,188,21,1,3,26,0
11,-1,-10,4,14,2,225,13,1,5,21,0
11,15,10,22,12,2,239,46,0,3,49,1
11,8,-1,10,11,3,340,112,1,3,26,1
11,6,-3,15,18,2,32,115,0,0,49,0
11,0,-7,8,15,1,141,23,1,3,35,0
11,3,-1,11,12,2,212,74,1,2,51,1
11,-1,-6,7,13,3,128,60,1,0,22,1
11,4,-1,7,8,2,173,68,1,3,36,1
11,9,3,14,11,3,97,15,0,0,54,0
11,2,-4,10,14,1,174,35,1,0,23,1
11,16,13,23,10,0,266,98,1,5,55,0
11,-2,-8,6,14,2,163,50,1,0,27,1
11,-1,-2,7,9,2,184,25,0,2,23,0
11,-1,-7,3,10,3,114,16,1,3,58,0
11,8,4,14,10,0,255,87,1,3,22,0
11,6,-1,8,9,3,45,14,0,0,28,0
11,10,8,16,8,2,68,73,1,0,56,0
12,3,1,10,9,3,121,13,1,0,55,0
12,7,-2,13,15,2,334,114,1,0,38,1
12,1,0,6,6,2,324,18,0,4,35,0
12,1,-8,7,15,0,207,39,0,4,38,0
12,-4,-9,0,9,3,212,26,0,4,53,0
12,0,-8,6,14,3,167,41,0,0,47,1
12,-7,-10,-3,7,2,114,27,1,0,25,0
12,6,3,9,6,2,41,89,0,3,21,0
12,-4,-12,-3,9,1,337,48,1,0,49,1
12,-5,-14,1,15,0,51,52,1,0,21,0
12,6,2,7,5,0,151,109,0,3,26,0
12,3,-5,10,15,2,265,69,0,4,23,1
12,-4,-11,-3,8,0,342,39,1,3,48,0
12,-8,-17,-7,10,2,66,110,0,0,43,0
12,6,-1,9,10,0,184,112,0,3,41,0
12,1,-7,8,15,3,284,45,1,0,24,1
12,-4,-8,5,13,3,320,116,0,4,21,1
12,-1,-4,8,12,1,236,69,0,3,25,1
12,6,4,11,7,1,90,40,1,4,57,0
12,6,5,15,10,0,296,26,1,4,37,0
12,1,-7,2,9,1,230,20,0,3,35,0
12,6,4,9,5,0,251,53,0,0,56,0
12,6,-2,14,16,0,136,44,0,0,55,0
12,7,2,10,8,2,85,98,0,3,24,0
12,2,1,8,7,2,337,113,0,4,32,1
12,-4,-6,3,9,2,229,56,0,0,52,1
12,3,2,7,5,1,276,53,0,3,57,0
12,-4,-8,3,11,1,201,67,1,0,36,1
12,-5,-12,-1,11,2,57,38,1,0,41,0
12,-6,-7,1,8,1,225,28,1,4,22,0
12,6,4,9,5,3,219,85,1,0,57,1
1,5,-3,13,16,1,154,47,1,4,35,1
1,-6,-10,-1,9,1,307,57,0,3,20,0
1,3,0,4,4,1,284,69,1,4,31,1
1,-1,-9,6,15,1,339,108,1,4,52,1
1,-8,-16,-5,11,0,121,21,0,3,36,0
1,-3,-4,5,9,1,326,103,1,3,36,0
1,4,-2,9,11,3,111,88,0,4,52,0
1,1,-7,10,17,1,75,83,1,0,48,0
1,5,0,12,12,1,240,112,1,0,31,1
1,-8,-12,-2,10,0,285,55,1,0,27,1
1,-11,-13,-2,11,0,250,68,0,4,46,1
1,-7,-8,-6,2,1,56,74,0,3,39,0
1,-6,-9,-5,4,0,271,36,0,3,58,0
1,2,1,5,4,1,346,64,1,4,55,1
1,0,-7,4,11,3,239,47,1,3,33,1
1,-1,-9,0,9,0,82,119,1,0,42,0
1,6,0,7,7,2,252,70,1,3,55,0
1,-5,-7,-3,4,2,40,113,0,4,54,0
1,3,-3,8,11,3,176,50,1,0,40,1
1,-10,-13,-5,8,0,171,74,0,0,53,0
1,-2,-8,-1,7,2,209,69,1,0,48,1
1,-5,-8,1,9,0,322,92,1,0,35,1
1,-1,-4,1,5,1,107,93,0,3,25,0
1,6,-1,8,9,3,44,34,1,4,30,0
1,-5,-6,0,6,3,318,67,0,0,43,1
1,-1,-6,2,8,2,182,112,0,4,27,1
1,-11,-19,-7,12,0,330,64,0,4,41,1
1,-7,-8,0,8,0,131,106,0,4,56,0
1,-6,-10,3,13,3,162,110,0,0,58,1
1,4,0,13,13,2,272,40,1,4,21,1
1,0,-5,4,9,1,173,55,0,4,59,1
2,-5,-7,3,10,3,245,40,0,4,33,0
2,8,3,10,7,2,231,20,1,0,50,0
2,1,-2,9,11,1,210,84,1,3,32,1
2,9,3,18,15,3,279,19,1,4,21,1
2,5,-1,14,15,3,28,59,1,0,58,1
2,7,2,8,6,3,93,116,1,4,28,0
2,-1,-3,0,3,3,272,25,0,3,40,0
2,-7,-11,-3,8,2,85,70,1,3,25,0
2,0,-1,4,5,1,257,73,0,0,53,1
2,-3,-10,-2,8,0,84,12,1,3,56,0
2,2,-3,10,13,2,314,54,0,3,45,1
2,-3,-7,-1,6,3,243,34,1,0,33,0
2,7,6,8,2,3,321,76,1,3,37,1
2,6,3,9,6,0,250,105,1,0,46,1
2,-6,-11,-3,8,2,293,110,0,0,49,1
2,-7,-10,-5,5,0,181,39,1,0,26,0
2,5,1,13,12,2,324,48,0,4,45,1
2,-6,-13,-5,8,0,59,49,0,0,25,0
2,8,6,15,9,3,88,102,1,3,48,0
2,2,-7,9,16,1,325,90,0,0,42,1
2,-5,-7,2,9,2,147,104,1,4,27,1
2,-5,-10,4,14,3,280,78,1,3,39,1
2,-1,-10,4,14,2,169,89,1,3,47,1
2,7,-2,15,17,2,163,20,1,4,29,1
2,0,-7,8,15,0,296,29,0,3,33,0
2,3,-4,4,8,0,264,114,0,3,59,0
2,4,-2,9,11,2,349,45,1,0,29,1
2,-4,-6,4,10,2,211,103,0,3,49,0
3,-2,-6,1,7,1,276,107,1,3,44,0
3,6,-1,9,10,3,194,86,1,5,43,1
3,12,10,19,9,3,202,32,1,5,28,0
3,11,10,17,7,1,266,88,0,0,23,1
3,-3,-8,-1,7,2,165,109,1,5,28,1
3,7,-2,11,13,1,225,25,0,0,50,0
3,6,-1,11,12,0,238,52,1,5,54,1
3,10,8,15,7,0,50,13,1,0,23,0
3,-3,-12,1,13,1,121,69,1,5,38,0
3,2,-7,10,17,2,95,109,1,5,20,0
3,8,4,12,8,3,151,51,0,0,46,1
3,-3,-11,2,13,3,177,96,0,3,46,1
3,8,3,11,8,3,233,109,0,0,41,1
3,0,-6,9,15,1,143,15,0,0,30,0
3,8,7,10,3,3,26,22,1,3,33,0
3,8,3,13,10,1,236,61,1,0,34,1
3,9,5,18,13,3,297,92,0,3,46,1
3,-2,-3,2,5,2,189,76,0,0,51,1
3,-3,-7,6,13,2,185,75,1,5,20,1
3,1,-3,8,11,3,300,47,0,5,43,1
3,6,1,11,10,1,244,64,1,3,30,0
3,2,-3,5,8,0,62,25,1,5,50,0
3,0,-7,4,11,0,87,51,0,5,51,0
3,2,-2,5,7,2,130,61,1,3,38,0
3,6,5,7,2,1,222,22,1,3,40,0
3,7,3,9,6,2,118,42,1,5,27,0
3,2,-7,6,13,3,301,86,0,0,59,1
3,3,-1,6,7,1,236,109,1,5,23,0
3,-1,-5,6,11,2,70,44,1,5,41,0
3,4,-3,11,14,2,272,67,1,5,56,1
3,8,7,14,7,1,185,57,0,0,42,1
4,12,11,17,6,3,145,60,0,0,53,1
4,12,10,18,8,3,239,98,1,3,39,1
4,19,11,23,12,3,150,106,1,3,55,1
4,9,6,18,12,2,273,46,1,0,58,1
4,11,7,13,6,3,207,80,0,0,51,1
4,22,21,24,3,2,330,63,1,3,36,1
4,4,1,6,5,3,217,73,0,0,59,1
4,11,7,18,11,3,29,96,0,3,37,0
4,17,11,22,11,3,224,54,1,3,24,1
4,16,9,24,15,2,238,69,0,5,45,1
4,11,6,14,8,3,271,80,0,0,30,1
4,20,16,29,13,3,128,23,0,0,22,0
4,12,9,15,6,3,144,78,0,3,21,0
4,10,8,19,11,2,61,109,1,5,28,0
4,9,4,16,12,2,48,108,0,5,24,0
4,19,12,28,16,2,193,46,1,0,55,1
4,18,14,22,8,3,257,36,1,3,23,0
4,12,7,18,11,2,196,77,1,0,45,1
4,15,6,22,16,2,47,47,0,0,24,0
4,18,17,26,9,2,38,90,0,5,24,0
4,21,14,25,11,3,62,100,1,0,28,1
4,17,11,22,11,3,241,110,0,5,20,1
4,3,-5,6,11,3,163,103,1,3,24,1
4,12,5,21,16,2,216,12,1,3,54,0
4,3,-6,5,11,3,106,76,1,5,49,0
4,3,2,6,4,2,267,48,0,0,51,1
4,20,16,29,13,2,276,103,0,3,48,1
4,6,2,11,9,3,41,11,1,5,20,0
4,7,5,13,8,3,240,80,1,5,39,1
4,11,8,16,8,2,341,36,1,3,47,0
5,14,13,15,2,3,53,109,0,5,27,0
5,14,12,16,4,2,72,27,0,0,25,0
5,16,15,17,2,3,329,29,0,5,45,0
5,10,2,11,9,3,91,27,1,0,24,0
5,21,19,29,10,2,197,62,1,3,34,1
5,21,19,23,4,2,283,31,1,0,47,0
5,18,10,25,15,3,275,42,1,0,51,1
5,16,8,23,15,2,299,11,1,0,24,1
5,12,7,17,10,3,310,10,1,3,41,0
5,20,19,22,3,2,208,82,0,0,58,1
5,11,2,19,17,2,32,116,1,0,24,1
5,14,13,22,9,3,143,36,1,3,31,0
5,16,7,17,10,3,204,84,1,0,30,1
5,19,13,23,10,3,154,84,0,3,42,1
5,18,14,24,10,2,328,50,1,5,35,1
5,8,0,15,15,3,348,29,1,5,25,1
5,23,14,31,17,2,54,74,0,3,24,0
5,16,7,17,10,2,272,16,0,5,42,0
5,23,22,27,5,3,193,49,1,3,56,1
5,9,5,14,9,3,247,34,0,0,23,0
5,23,19,31,12,3,121,22,1,3,39,0
5,22,14,24,10,2,209,77,0,0,28,1
5,14,7,16,9,2,239,19,0,5,27,0
5,19,11,21,10,3,59,43,0,0,57,0
5,20,18,24,6,3,195,40,0,3,44,0
5,22,20,29,9,3,132,117,1,0,48,1
5,19,17,27,10,2,253,64,0,3,31,0
5,8,4,16,12,2,44,72,1,3,36,0
5,11,3,19,16,2,288,94,1,0,45,1
5,23,17,32,15,3,220,78,1,5,41,1
5,12,9,20,11,3,73,67,0,5,40,0
6,18,15,27,12,2,54,38,0,3,92,0
6,22,19,25,6,1,198,41,1,3,75,0
6,14,11,23,12,3,36,116,1,2,84,1
6,17,13,23,10,3,295,80,0,0,86,1
6,24,23,31,8,1,341,99,0,2,84,0
6,20,16,25,9,0,44,30,0,0,86,0
6,16,7,20,13,0,164,10,0,2,70,0
6,18,15,25,10,1,232,45,1,3,62,0
6,29,23,30,7,0,287,95,1,0,53,1
6,15,11,18,7,2,267,45,1,3,75,0
6,21,14,26,12,3,187,37,0,3,50,0
6,18,11,27,16,1,161,48,1,2,81,1
6,16,10,21,11,0,345,72,1,3,78,1
6,20,15,21,6,0,136,17,1,3,94,0
6,22,13,31,18,2,47,48,1,2,81,1
6,19,12,21,9,0,306,67,0,2,51,0
6,26,17,30,13,1,186,114,0,3,90,1
6,24,15,31,16,2,337,25,0,0,62,1
6,20,15,24,9,1,207,92,0,0,79,1
6,26,25,30,5,2,190,90,1,3,67,1
6,15,8,20,12,0,94,15,1,0,64,0
6,16,12,24,12,3,215,71,1,2,77,1
6,26,21,35,14,1,138,62,1,0,53,1
6,22,17,26,9,2,46,38,1,0,97,0
6,24,18,33,15,3,63,19,1,2,93,0
6,19,11,21,10,0,143,95,0,3,81,0
6,16,12,23,11,3,201,86,1,2,99,1
6,29,24,38,14,2,312,26,1,0,92,1
6,15,14,22,8,3,206,29,0,3,50,0
6,14,7,16,9,2,56,107,0,0,65,0
7,26,17,29,12,0,339,12,2,2,82,0
7,23,20,32,12,1,284,41,2,2,83,1
7,18,9,22,13,0,327,83,2,0,57,1
7,26,17,33,16,2,144,52,2,0,85,1
7,28,19,36,17,2,304,90,2,0,73,1
7,17,8,23,15,0,278,60,2,2,56,1
7,20,19,24,5,1,61,32,2,3,88,0
7,21,16,29,13,2,246,67,2,0,70,1
7,24,21,30,9,2,41,40,2,2,89,0
7,19,12,25,13,1,69,18,2,0,79,0
7,27,21,32,11,0,147,105,2,3,52,1
7,17,14,23,9,3,193,33,2,0,71,1
7,28,23,37,14,1,166,103,2,3,71,1
7,31,25,36,11,0,301,34,2,3,94,0
7,21,17,29,12,3,211,75,2,3,82,1
7,26,18,28,10,3,289,98,2,0,55,1
7,31,24,34,10,0,113,22,2,3,80,0
7,32,25,35,10,3,242,105,2,2,82,1
7,22,19,27,8,3,245,53,2,0,51,1
7,33,29,36,7,3,185,23,2,3,94,0
7,19,14,25,11,3,42,69,2,3,66,0
7,30,29,34,5,1,150,77,2,2,54,1
7,26,25,30,5,3,252,104,2,2,51,1
7,33,25,38,13,2,349,51,2,0,66,1
7,25,22,32,10,2,341,93,2,0,77,1
7,30,27,35,8,0,214,17,2,2,63,0
7,28,25,33,8,0,152,80,2,0,99,1
7,33,29,37,8,0,58,69,2,3,64,0
7,24,18,29,11,3,66,19,2,0,72,0
7,28,26,33,7,0,111,36,2,0,76,0
7,23,16,32,16,2,75,33,2,3,92,0
8,32,29,36,7,1,32,36,2,3,99,0
8,26,25,30,5,2,31,113,2,2,96,0
8,19,14,28,14,1,233,101,2,3,95,1
8,22,16,28,12,0,43,77,2,3,72,0
8,20,15,22,7,0,152,36,2,3,92,0
8,22,13,27,14,3,287,60,2,3,78,1
8,19,17,24,7,0,108,79,2,2,93,0
8,25,20,26,6,3,307,57,2,0,98,1
8,25,22,29,7,0,325,29,2,2,99,0
8,28,23,31,8,0,27,62,2,2,70,0
8,23,22,31,9,3,187,26,2,2,58,1
8,32,29,37,8,2,154,104,2,2,56,1
8,34,33,41,8,2,178,103,2,0,65,1
8,25,17,29,12,1,280,103,2,2,58,1
8,32,27,36,9,1,289,24,2,0,90,0
8,28,27,36,9,2,168,17,2,0,97,1
8,33,30,34,4,3,334,119,2,0,64,1
8,29,26,34,8,2,112,84,2,2,58,0
8,32,26,40,14,2,196,23,2,0,88,1
8,29,23,36,13,3,244,85,2,0,86,1
8,28,27,36,9,3,203,80,2,0,70,1
8,32,23,33,10,3,36,20,2,0,90,0
8,29,22,36,14,3,51,113,2,0,65,1
8,17,14,25,11,2,114,21,2,3,55,0
8,20,18,21,3,2,210,39,2,0,61,1
8,28,22,32,10,3,114,85,2,2,91,0
8,17,14,22,8,1,332,35,2,3,56,0
8,24,18,31,13,2,296,106,2,0,65,1
8,28,22,34,12,0,305,65,2,2,59,1
8,18,10,24,14,3,258,74,2,2,58,1
8,23,21,24,3,1,320,79,2,3,79,1
9,30,29,33,4,2,323,54,2,5,54,1
9,26,24,34,10,2,279,75,2,3,79,1
9,14,5,22,17,2,320,75,2,3,80,1
9,25,16,34,18,2,75,48,2,0,78,1
9,24,22,27,5,2,184,80,2,0,71,1
9,20,17,28,11,2,66,10,2,0,91,0
9,12,8,17,9,2,116,77,2,0,63,1
9,12,8,16,8,3,232,119,2,2,91,1
9,15,7,23,16,2,310,46,2,0,71,1
9,15,12,16,4,3,50,93,2,3,82,0
9,17,9,21,12,2,336,33,2,2,90,1
9,25,21,27,6,2,133,104,2,0,88,1
9,23,17,24,7,3,315,30,2,5,85,0
9,25,23,30,7,3,239,64,2,2,50,1
9,27,25,35,10,2,250,106,2,2,62,1
9,26,25,32,7,2,43,106,2,0,54,1
9,23,20,32,12,3,233,87,2,3,56,1
9,18,15,20,5,3,243,65,2,3,83,1
9,23,17,24,7,2,341,18,2,5,66,0
9,13,4,21,17,2,66,91,2,3,52,1
9,23,17,27,10,2,103,91,2,2,75,1
9,25,19,26,7,2,217,58,2,0,79,1
9,17,13,24,11,2,232,65,2,3,87,1
9,25,20,32,12,2,262,106,2,0,60,1
9,14,8,20,12,2,272,61,2,2,51,1
9,28,26,32,6,2,103,28,2,2,81,0
9,22,18,28,10,2,38,52,2,2,72,1
9,17,13,21,8,3,85,15,2,3,79,0
9,18,14,20,6,2,250,53,2,5,72,1
9,18,17,26,9,2,245,112,2,2,60,1
10,7,5,15,10,2,279,72,0,3,27,0
10,17,14,24,10,3,289,94,1,2,35,1
10,21,15,23,8,3,145,86,0,2,47,1
10,14,10,21,11,2,41,117,1,5,25,0
10,5,-2,14,16,3,339,12,1,2,54,1
10,23,22,32,10,3,328,93,1,3,23,1
10,15,8,22,14,3,280,84,1,3,42,1
10,21,17,22,5,2,223,12,1,5,40,0
10,11,10,14,4,3,206,63,1,3,31,1
10,19,12,26,14,3,229,46,1,2,55,1
10,18,10,27,17,2,161,42,1,0,41,1
10,5,2,12,10,3,184,72,1,3,49,1
10,9,8,14,6,2,77,93,1,0,36,0
10,13,12,17,5,2,288,45,0,0,47,1
10,21,20,22,2,2,191,78,0,3,42,1
10,20,18,26,8,3,95,74,1,3,33,0
10,14,9,23,14,3,295,11,0,3,45,0
10,20,12,26,14,3,340,30,1,0,40,1
10,9,0,16,16,2,255,83,0,0,59,1
10,17,10,24,14,2,142,62,0,5,29,1
10,14,8,22,14,3,82,92,0,0,33,1
10,15,10,17,7,3,98,30,0,3,29,0
10,11,8,20,12,2,211,92,0,2,59,1
10,13,8,19,11,3,66,23,1,2,20,0
10,20,14,23,9,2,287,110,1,0,48,1
10,19,12,26,14,2,45,119,0,3,48,0
10,24,15,28,13,3,109,49,1,2,45,1
10,21,14,25,11,3,37,28,1,5,58,0
10,11,10,19,9,3,223,107,1,3,44,1
10,16,9,20,11,2,64,22,1,2,59,0
10,18,14,22,8,3,109,44,0,3,28,0
11,6,5,11,6,3,273,108,0,0,43,1
11,8,3,11,8,0,220,102,0,0,53,0
11,0,-1,2,3,3,304,26,0,5,25,0
11,16,13,20,7,2,286,109,0,5,28,0
11,11,7,13,6,3,56,19,1,2,24,0
11,16,11,17,6,2,311,27,0,5,54,0
11,7,4,8,4,0,49,98,1,5,26,0
11,12,6,20,14,0,268,46,1,0,22,1
11,-2,-9,0,9,2,209,111,1,3,51,1
11,-1,-3,8,11,2,158,29,0,3,29,0
11,14,11,21,10,1,310,89,1,2,29,1
11,2,-5,7,12,0,164,107,0,5,24,0
11,15,8,18,10,3,259,17,0,0,58,0
11,12,4,15,11,2,173,64,1,2,50,1
11,2,1,3,2,0,318,45,0,5,24,0
11,8,-1,13,14,3,251,100,1,3,32,1
11,15,13,23,10,3,88,42,0,3,40,0
11,10,3,18,15,1,256,115,1,0,31,1
11,5,-3,12,15,0,42,106,0,2,22,0
11,11,8,16,8,1,348,40,1,2,52,0
11,16,15,18,3,3,274,57,0,5,41,1
11,0,-3,4,7,0,131,99,1,3,48,0
11,-1,-2,2,4,0,208,116,0,3,29,0
11,16,13,24,11,3,328,19,0,5,37,0
11,16,10,25,15,3,231,11,0,5,58,0
11,14,9,20,11,3,301,67,0,2,55,1
11,12,4,20,16,2,186,41,0,0,35,1
11,0,-1,6,7,2,149,26,1,2,21,0
11,9,0,17,17,0,124,17,0,2,58,0
11,11,6,16,10,3,320,42,0,5,50,0
12,1,-5,3,8,2,178,76,0,3,54,0
12,5,-3,8,11,2,329,47,1,3,22,1
12,3,-6,9,15,0,135,117,0,4,43,0
12,-8,-12,1,13,0,97,41,1,4,58,0
12,2,-1,10,11,3,145,91,0,4,38,1
12,5,2,7,5,3,185,112,0,4,54,1
12,2,-6,11,17,1,166,74,0,0,41,1
12,-6,-11,-5,6,1,345,45,1,4,47,1
12,-4,-8,-1,7,2,183,22,0,0,30,0
12,0,-1,8,9,0,202,60,1,4,29,1
12,-7,-14,-6,8,1,289,33,0,3,42,0
12,4,-1,10,11,1,321,50,0,0,43,1
12,5,2,12,10,0,72,61,0,3,36,0
12,3,2,5,3,3,231,36,0,0,49,0
12,7,6,15,9,0,195,107,0,4,59,0
12,6,-3,8,11,3,235,10,1,3,35,0
12,1,-7,10,17,2,51,46,1,4,59,0
12,2,-3,11,14,2,92,12,0,4,31,0
12,7,1,13,12,2,68,68,0,3,59,0
12,-7,-12,-3,9,1,61,60,0,3,57,0
12,-5,-6,-2,4,3,302,83,1,4,49,1
12,1,-6,7,13,3,283,40,1,3,20,1
12,-3,-9,-2,7,2,151,13,1,0,28,0
12,7,2,14,12,0,298,108,1,3,48,1
12,-7,-9,2,11,0,307,104,0,4,44,1
12,-6,-11,2,13,1,116,64,0,0,46,0
12,8,4,12,8,3,211,35,0,3,49,0
12,-6,-15,-1,14,0,58,91,0,0,54,0
12,8,5,12,7,3,88,40,0,0,39,0
12,3,-6,8,14,0,321,29,0,4,48,0
12,-3,-9,5,14,1,192,76,0,3,57,1
1,0,-3,9,12,1,195,52,0,4,37,1
1,-2,-4,5,9,0,160,20,0,3,22,0
1,-1,-3,1,4,1,56,49,1,3,47,0
1,-5,-8,2,10,3,107,93,0,3,42,0
1,-11,-17,-4,13,0,292,90,0,4,31,1
1,3,-1,10,11,3,53,61,1,4,21,1
1,4,0,13,13,3,184,46,0,4,48,1
1,-2,-5,7,12,0,61,38,0,3,52,0
1,-2,-8,4,12,0,234,58,1,0,22,1
1,-5,-8,3,11,2,314,35,1,4,36,0
1,-3,-12,4,16,3,90,51,1,3,27,0
1,-4,-9,4,13,3,99,53,0,3,29,0
1,0,-6,3,9,0,64,38,0,0,55,0
1,-7,-14,-3,11,2,336,72,0,4,25,1
1,5,3,11,8,1,189,92,0,3,43,0
1,-5,-7,2,9,1,257,11,1,0,53,0
1,-7,-15,-2,13,2,71,96,0,3,31,0
1,-6,-8,2,10,3,113,55,1,3,42,0
1,-5,-14,-4,10,3,234,88,1,4,23,1
1,-3,-6,-2,4,0,282,48,1,0,51,0
1,-7,-10,-1,9,3,321,50,1,0,32,1
1,-4,-11,-2,9,0,159,32,0,4,30,0
1,-7,-11,-2,9,2,206,69,0,3,43,0
1,4,-2,13,15,2,112,39,1,4,53,0
1,-2,-9,1,10,1,124,36,1,3,22,0
1,-6,-14,2,16,2,285,68,1,3,20,1
1,-7,-8,1,9,0,57,97,1,0,47,0
1,4,-4,6,10,1,165,95,0,0,46,1
1,-10,-16,-3,13,1,218,75,1,4,47,1
1,-8,-16,1,17,1,324,77,0,4,42,1
1,-4,-7,0,7,2,318,53,0,0,25,1
2,-7,-13,-1,12,2,305,26,0,3,25,0
2,-7,-8,-4,4,0,115,53,1,3,57,0
2,7,6,16,10,0,264,109,1,4,21,1
2,-6,-15,-2,13,2,322,97,0,4,32,1
2,-8,-11,-6,5,0,233,82,1,4,21,1
2,5,2,10,8,2,346,24,0,3,46,0
2,4,3,11,8,0,94,18,1,0,21,0
2,-5,-10,-1,9,1,188,31,1,0,33,0
2,-1,-8,5,13,1,126,33,1,4,36,0
2,-2,-8,2,10,1,104,50,1,4,42,0
2,3,-1,4,5,1,46,64,0,3,51,0
2,0,-9,9,18,3,205,93,0,3,36,1
2,-5,-12,-3,9,1,203,68,0,4,45,1
2,-6,-12,0,12,2,51,114,1,4,40,1
2,1,-5,5,10,1,37,117,0,0,59,0
2,5,-3,11,14,0,55,20,0,4,58,0
2,5,1,11,10,0,50,72,0,3,35,0
2,2,-7,10,17,1,248,72,1,4,38,1
2,-2,-3,3,6,3,299,13,0,4,34,0
2,8,7,13,6,1,142,79,0,0,22,0
2,-8,-11,1,12,1,308,15,0,4,54,0
2,-1,-5,6,11,3,161,91,0,3,46,1
2,-3,-8,3,11,3,279,66,1,0,44,1
2,-5,-10,-1,9,3,143,28,0,3,54,0
2,1,-5,6,11,0,43,17,0,4,28,0
2,9,5,13,8,1,235,54,1,3,25,0
2,-1,-10,7,17,2,139,86,0,0,21,1
2,-4,-12,-1,11,2,84,71,1,0,51,0
3,8,7,10,3,2,31,35,1,5,49,0
3,8,-1,17,18,3,199,89,0,0,59,1
3,2,-5,3,8,3,64,98,0,3,54,0
3,9,5,11,6,3,310,77,0,5,28,0
3,12,4,15,11,0,46,100,0,3,56,0
3,6,4,12,8,3,188,85,0,3,32,0
3,5,4,7,3,1,40,23,1,5,51,0
3,-2,-8,1,9,2,248,11,0,5,36,0
3,12,3,13,10,0,280,75,1,5,49,0
3,9,8,17,9,2,320,99,0,5,28,0
3,11,6,13,7,1,262,33,0,3,35,0
3,9,4,11,7,1,299,101,0,3,47,0
3,6,1,7,6,0,263,47,0,0,30,0
3,6,3,8,5,2,52,54,1,5,33,0
3,-3,-7,2,9,2,321,30,1,3,57,0
3,-2,-8,6,14,1,289,91,1,0,26,1
3,13,4,14,10,0,315,18,0,3,43,0
3,7,2,8,6,1,90,92,1,5,32,0
3,11,3,18,15,1,319,35,0,5,59,0
3,1,-7,6,13,1,179,56,1,3,55,1
3,2,-1,3,4,0,87,22,1,3,37,0
3,14,10,21,11,0,312,25,0,0,23,0
3,12,8,20,12,1,242,68,1,3,46,1
3,3,1,11,10,3,167,110,0,0,43,1
3,6,-3,15,18,2,231,35,1,3,59,0
3,10,3,15,12,1,282,42,0,0,29,1
3,5,4,12,8,1,38,73,0,3,44,0
3,12,9,20,11,1,307,80,1,0,29,1
3,-2,-11,1,12,3,268,103,0,3,36,1
3,6,-1,9,10,1,276,90,1,0,59,1
3,-3,-4,0,4,0,108,47,1,3,51,0
4,4,0,12,12,3,342,41,1,0,33,1
4,7,3,15,12,3,77,40,0,3,54,0
4,18,10,27,17,2,213,12,0,3,30,0
4,13,7,17,10,3,269,86,1,5,37,1
4,18,12,20,8,3,196,60,0,5,24,1
4,9,2,15,13,2,283,78,1,3,49,1
4,4,2,10,8,3,283,108,1,0,27,1
4,12,10,19,9,3,339,100,0,0,39,1
4,3,-1,9,10,2,71,16,1,0,37,0
4,21,20,26,6,3,123,61,0,3,50,0
4,7,1,13,12,3,30,10,0,0,28,0
4,11,7,13,6,2,275,65,0,5,43,0
4,21,15,30,15,3,29,107,1,3,34,1
4,12,4,20,16,2,66,85,0,5,47,0
4,11,9,20,11,2,221,84,1,3,44,1
4,14,13,22,9,2,157,111,0,0,58,1
4,20,15,24,9,3,299,63,1,5,55,1
4,16,14,20,6,2,327,59,0,5,37,0
4,18,15,27,12,3,349,39,1,0,53,1
4,18,16,19,3,2,50,110,0,0,23,0
4,15,14,20,6,2,209,104,0,0,33,1
4,11,10,20,10,3,279,117,1,0,24,1
4,16,12,18,6,3,345,92,1,0,46,1
4,3,-6,11,17,3,88,55,1,5,40,1
4,11,9,18,9,3,331,53,0,0,56,1
4,5,-1,11,12,2,84,40,1,3,41,0
4,11,2,18,16,3,54,16,0,5,53,0
4,15,13,17,4,2,193,86,0,3,29,0
4,12,9,17,8,2,171,98,1,5,48,1
4,7,6,14,8,3,207,70,0,3,38,1
5,18,11,22,11,3,294,99,1,5,27,1
5,20,12,22,10,3,138,94,0,0,22,1
5,25,16,27,11,3,347,24,1,3,30,0
5,12,5,20,15,2,36,21,0,5,45,0
5,9,8,15,7,3,302,16,0,0,29,0
5,13,12,18,6,2,276,117,1,5,42,1
5,17,8,19,11,3,43,38,1,5,38,0
5,10,4,19,15,2,33,105,1,0,59,1
5,15,12,16,4,3,40,85,0,0,32,0
5,12,11,15,4,3,31,41,1,0,58,0
5,13,5,15,10,3,51,109,1,0,48,1
5,17,11,24,13,2,332,68,1,3,34,1
5,20,12,28,16,2,151,33,1,0,40,1
5,16,13,19,6,3,123,54,1,5,33,0
5,25,21,31,10,3,45,36,1,3,20,0
5,24,23,32,9,3,323,111,1,3,55,1
5,12,8,13,5,2,114,61,0,0,24,0
5,20,13,22,9,2,310,95,1,5,30,1
5,15,6,18,12,3,307,91,0,0,50,1
5,26,17,34,17,3,257,111,1,3,42,1
5,12,5,17,12,3,178,65,1,5,51,1
5,24,16,29,13,3,227,43,0,3,24,1
5,17,13,19,6,2,178,68,1,5,27,1
5,8,1,11,10,3,33,37,1,5,37,0
5,24,20,33,13,2,305,33,1,3,23,0
5,21,13,30,17,3,305,90,0,0,55,1
5,9,8,12,4,2,51,90,1,5,48,0
5,21,15,28,13,2,128,98,0,0,30,1
5,23,22,24,2,2,237,41,0,3,54,0
5,22,15,24,9,3,275,20,0,5,22,0
5,16,15,17,2,3,336,20,0,5,38,0
6,16,14,18,4,0,84,109,0,3,73,0
6,21,12,25,13,1,158,30,0,3,97,0
6,16,11,23,12,2,124,46,0,2,77,0
6,30,24,38,14,2,297,56,0,2,84,1
6,28,22,33,11,2,237,65,1,3,50,1
6,14,11,16,5,1,57,29,0,2,92,0
6,21,19,28,9,3,176,66,1,2,52,1
6,21,12,22,10,1,85,44,0,3,92,0
6,30,28,36,8,3,110,80,0,3,78,0
6,26,23,35,12,0,124,104,1,2,87,0
6,29,21,30,9,1,72,95,1,3,90,0
6,14,9,23,14,3,307,47,1,2,77,1
6,24,19,32,13,3,279,36,1,2,63,1
6,19,11,20,9,3,123,87,0,2,60,0
6,23,14,27,13,3,327,34,0,3,87,0
6,20,11,26,15,3,154,93,0,0,83,1
6,14,6,18,12,3,344,16,1,3,91,0
6,30,22,33,11,2,68,72,0,0,89,0
6,29,22,34,12,3,77,67,0,3,59,0
6,29,20,37,17,1,29,32,1,3,81,0
6,24,22,28,6,3,291,59,0,2,79,1
6,28,20,32,12,3,207,35,0,2,79,1
6,26,25,29,4,2,254,95,0,2,71,1
6,25,21,30,9,1,147,14,0,0,96,0
6,16,13,20,7,1,240,23,0,2,66,0
6,19,13,23,10,2,74,79,0,2,82,0
6,14,10,21,11,3,181,111,0,2,54,1
6,21,18,24,6,1,37,118,1,2,64,0
6,18,17,23,6,2,343,29,1,3,85,0
6,21,20,22,2,3,174,43,0,3,79,0
7,19,13,25,12,1,55,51,2,2,78,1
7,22,19,26,7,1,99,84,2,2,77,0
7,26,23,34,11,3,305,105,2,0,88,1
7,20,19,26,7,1,239,46,2,3,59,0
7,32,26,38,12,2,176,24,2,0,94,1
7,23,14,24,10,3,279,86,2,3,64,1
7,17,9,21,12,2,228,71,2,2,84,1
7,17,12,18,6,3,242,37,2,2,81,1
7,20,18,21,3,1,109,87,2,2,98,0
7,25,24,34,10,1,328,47,2,2,80,1
7,23,17,29,12,1,250,106,2,3,65,1
7,31,28,33,5,0,128,37,2,0,80,0
7,25,19,30,11,2,242,36,2,0,63,1
7,24,20,31,11,3,231,63,2,2,59,1
7,17,8,18,10,3,194,20,2,0,91,1
7,29,23,34,11,3,335,50,2,3,70,1
7,21,14,30,16,2,134,27,2,3,89,0
7,26,18,32,14,1,41,90,2,0,76,1
7,30,29,37,8,0,337,62,2,0,84,1
7,32,26,36,10,1,75,82,2,3,56,0
7,21,13,26,13,1,341,113,2,2,61,1
7,20,14,28,14,2,70,30,2,3,66,0
7,28,23,36,13,3,265,93,2,3,71,1
7,27,22,28,6,1,242,82,2,2,94,1
7,18,13,21,8,2,94,101,2,3,64,0
7,27,22,31,9,3,238,96,2,2,83,1
7,20,19,25,6,2,171,95,2,2,67,1
7,24,23,32,9,0,75,105,2,2,64,0
7,29,25,35,10,1,59,109,2,2,91,0
7,17,15,20,5,2,59,36,2,0,65,0
7,26,19,31,12,2,31,40,2,3,86,0
8,28,26,33,7,0,144,51,2,3,99,0
8,26,20,33,13,2,90,30,2,0,84,0
8,34,25,38,13,2,173,89,2,0,66,1
8,24,20,30,10,1,177,92,2,0,58,1
8,34,33,37,4,3,115,83,2,0,82,1
8,24,22,28,6,0,280,24,2,3,95,0
8,22,19,30,11,1,101,24,2,0,65,0
8,25,24,32,8,3,268,94,2,3,57,1
8,19,10,22,12,1,207,84,2,2,92,1
8,18,15,20,5,0,210,26,2,2,63,0
8,34,32,36,4,3,72,34,2,0,62,0
8,25,24,26,2,0,288,37,2,2,60,0
8,34,29,40,11,1,182,33,2,0,52,1
8,32,29,40,11,1,152,71,2,2,93,1
8,20,11,26,15,2,315,91,2,0,75,1
8,29,26,36,10,3,183,26,2,0,62,1
8,33,26,34,8,3,306,62,2,0,87,1
8,23,21,31,10,0,146,86,2,0,63,1
8,28,26,33,7,2,85,30,2,3,80,0
8,25,21,27,6,0,129,99,2,0,81,0
8,32,26,34,8,1,263,82,2,0,79,1
8,29,23,33,10,0,341,45,2,3,94,0
8,19,17,21,4,3,43,92,2,2,58,0
8,28,27,33,6,3,61,81,2,3,71,0
8,19,14,28,14,3,171,58,2,2,72,1
8,34,31,41,10,0,37,78,2,2,96,0
8,27,22,36,14,0,117,12,2,2,82,0
8,17,15,18,3,2,345,99,2,3,78,1
8,26,22,28,6,3,200,118,2,2,86,1
8,31,25,33,8,1,87,93,2,3,87,0
8,29,21,35,14,1,57,15,2,0,75,0
9,26,20,35,15,2,224,24,2,5,59,1
9,17,14,26,12,2,301,44,2,3,70,1
9,28,26,34,8,3,322,86,2,3,87,1
9,13,6,16,10,3,319,114,2,0,86,1
9,20,14,24,10,2,296,92,2,0,98,1
9,21,13,26,13,2,145,97,2,3,66,1
9,16,12,25,13,3,187,101,2,5,55,1
9,29,23,34,11,3,131,117,2,2,54,1
9,20,17,22,5,2,233,15,2,5,91,0
9,15,14,19,5,2,185,53,2,3,61,1
9,23,16,29,13,2,30,72,2,0,57,1
9,30,26,35,9,2,44,30,2,2,70,0
9,28,25,29,4,3,136,84,2,5,65,1
9,20,18,21,3,2,71,36,2,3,78,0
9,15,12,23,11,3,58,53,2,5,57,1
9,15,9,16,7,3,99,32,2,3,93,0
9,27,21,35,14,3,261,23,2,2,67,1
9,27,25,34,9,2,250,82,2,5,87,1
9,16,15,24,9,2,222,42,2,3,59,1
9,27,22,33,11,2,59,111,2,2,91,1
9,14,6,22,16,2,196,84,2,3,51,1
9,27,18,36,18,3,117,52,2,0,77,1
9,16,15,24,9,2,186,81,2,5,81,1
9,30,26,38,12,2,159,62,2,2,70,1
9,26,22,29,7,3,279,17,2,3,77,0
9,30,25,33,8,2,334,111,2,3,59,1
9,13,9,18,9,3,155,80,2,2,82,1
9,17,10,24,14,2,229,77,2,5,68,1
9,21,19,26,7,3,333,28,2,2,96,1
9,16,12,18,6,3,318,56,2,5,84,1
10,21,15,23,8,2,150,32,1,3,30,0
10,22,15,29,14,3,223,64,0,5,20,1
10,9,6,17,11,3,282,92,1,0,58,1
10,13,8,14,6,3,72,87,0,3,29,0
10,9,6,17,11,3,218,46,1,0,31,1
10,5,-1,11,12,3,196,99,1,0,27,1
10,7,5,8,3,2,75,83,0,3,33,0
10,10,7,13,6,2,335,66,0,5,29,0
10,13,12,21,9,2,343,88,0,2,44,1
10,15,7,18,11,3,40,28,1,0,20,0
10,18,13,23,10,3,277,17,0,5,55,0
10,11,6,12,6,3,111,20,0,3,47,0
10,7,-1,13,14,3,336,16,0,2,36,1
10,11,8,18,10,3,214,101,0,2,27,1
10,16,11,23,12,3,313,73,0,5,44,1
10,6,0,7,7,3,147,37,0,0,52,0
10,6,2,8,6,2,320,58,1,0,44,1
10,13,7,18,11,3,247,43,0,0,20,1
10,7,-2,16,18,2,98,65,1,0,22,1
10,17,11,21,10,2,197,17,1,5,25,0
10,20,19,28,9,2,166,24,0,0,31,0
10,15,12,24,12,3,271,42,0,0,37,1
10,9,8,11,3,3,277,106,0,2,50,1
10,17,8,26,18,3,241,56,0,3,50,1
10,11,10,12,2,2,137,111,1,0,32,1
10,24,23,27,4,2,256,58,1,0,31,1
10,24,19,25,6,2,30,52,0,3,25,0
10,19,15,21,6,2,235,60,0,0,26,1
10,21,19,23,4,2,293,111,1,5,20,1
10,23,16,28,12,3,184,10,0,3,43,0
10,10,6,15,9,3,319,94,1,2,33,1
11,2,-4,11,15,0,135,103,1,2,31,0
11,14,9,22,13,0,89,114,1,5,54,0
11,-2,-7,2,9,1,53,77,1,5,23,0
11,2,-1,11,12,1,298,114,1,5,39,1
11,8,3,13,10,3,208,87,1,3,33,1
11,1,-2,7,9,3,266,25,0,5,24,0
11,9,3,17,14,3,171,50,0,3,51,1
11,7,0,13,13,2,320,80,1,0,36,1
11,8,4,10,6,1,172,101,1,3,49,0
11,3,-6,8,14,0,162,19,0,3,52,0
11,1,-3,5,8,3,276,112,0,2,31,1
11,15,11,18,7,3,68,78,0,2,37,0
11,8,7,13,6,2,327,61,0,0,58,1
11,9,7,15,8,3,173,67,0,3,49,0
11,2,0,3,3,3,290,78,0,0,33,1
11,11,8,16,8,3,171,82,1,2,34,1
11,8,7,9,2,3,164,108,1,3,22,1
11,3,0,8,8,2,42,117,1,5,22,0
11,5,-3,13,16,2,53,111,0,2,31,0
11,4,0,12,12,3,308,86,0,2,22,1
11,2,-5,7,12,3,146,50,1,2,53,1
11,16,8,19,11,3,126,27,0,3,34,0
11,16,13,20,7,1,263,95,0,0,45,1
11,10,9,13,4,3,205,51,0,0,42,1
11,-2,-5,4,9,3,158,53,1,0,54,1
11,4,3,13,10,0,319,73,1,5,43,0
11,8,3,12,9,1,291,98,0,5,35,0
11,0,-7,5,12,0,337,75,0,2,24,1
11,3,-1,10,11,2,315,102,1,5,27,1
11,16,7,24,17,0,85,36,1,5,49,0
12,-6,-11,3,14,0,175,69,0,3,42,0
12,6,3,12,9,0,292,118,1,3,26,0
12,-2,-8,-1,7,1,170,83,0,4,32,1
12,-7,-9,-6,3,0,39,78,1,3,30,0
12,-6,-9,1,10,0,67,111,1,3,45,0
12,-1,-10,1,11,3,34,60,0,4,32,0
12,6,-1,8,9,3,213,69,0,3,34,0
12,1,-1,5,6,2,35,91,1,4,57,0
12,8,0,15,15,0,303,111,0,0,39,1
12,-8,-11,-7,4,1,132,52,1,0,32,0
12,4,3,9,6,1,339,65,0,0,37,1
12,-6,-11,2,13,0,69,55,0,0,43,0
12,6,2,15,13,1,315,99,0,0,53,1
12,-2,-8,-1,7,0,90,25,1,3,32,0
12,7,3,11,8,3,186,51,0,0,42,1
12,-4,-12,1,13,0,55,77,0,0,35,0
12,2,-1,8,9,2,338,42,0,4,34,0
12,-2,-11,0,11,2,282,81,1,3,32,1
12,-6,-7,1,8,2,127,46,0,3,50,0
12,-2,-11,1,12,2,330,41,0,0,36,1
12,-2,-10,0,10,0,327,29,1,4,25,0
12,2,0,3,3,3,91,24,0,0,59,0
12,-1,-6,3,9,0,237,38,0,0,27,0
12,1,-4,10,14,1,297,53,1,0,48,1
12,6,2,7,5,1,320,42,1,4,30,0
12,3,-6,4,10,2,145,85,0,3,57,0
12,-3,-7,-1,6,0,270,24,0,4,34,0
12,7,5,13,8,2,28,41,1,4,37,0
12,8,1,12,11,2,25,100,1,0,59,0
12,-1,-6,7,13,3,29,89,0,0,21,1
12,0,-2,7,9,0,161,99,0,4,44,0
1,3,0,8,8,2,33,15,1,0,53,0
1,2,0,10,10,0,279,93,1,3,22,0
1,-3,-11,-2,9,3,174,115,0,4,47,1
1,-8,-14,-4,10,3,214,102,0,3,54,0
1,6,-3,14,17,2,136,18,0,0,46,0
1,3,2,10,8,0,310,75,0,3,56,0
1,-3,-7,-2,5,1,295,118,0,3,35,0
1,-6,-7,0,7,1,258,35,1,3,41,0
1,4,0,6,6,3,349,55,0,3,31,0
1,-1,-2,3,5,1,62,85,0,3,55,0
1,-4,-11,5,16,0,347,36,0,3,43,0
1,-2,-8,-1,7,2,55,88,0,3,22,0
1,0,-2,4,6,3,120,96,0,0,28,0
1,2,-1,3,4,2,337,80,0,3,21,0
1,0,-3,4,7,1,103,73,0,4,52,0
1,4,-3,7,10,2,38,15,0,0,44,0
1,-7,-13,0,13,0,221,30,1,3,20,0
1,-5,-11,-3,8,2,136,38,0,4,21,0
1,-9,-16,-7,9,1,113,56,0,0,54,0
1,5,0,6,6,0,141,113,0,4,47,0
1,-9,-11,-5,6,1,264,94,1,4,57,1
1,-9,-10,-7,3,0,320,117,1,3,30,0
1,-5,-14,1,15,1,107,108,0,4,38,0
1,-11,-20,-7,13,0,276,114,0,4,59,1
1,-1,-7,3,10,2,251,34,0,3,26,0
1,2,-2,3,5,0,244,43,1,3,37,0
1,0,-9,9,18,0,84,98,0,3,26,0
1,0,-9,2,11,1,234,17,0,0,39,0
1,-6,-10,3,13,0,294,119,0,0,48,1
1,4,-1,5,6,0,267,34,0,3,28,0
1,-6,-11,-1,10,3,308,14,1,0,45,0
2,5,-1,6,7,0,43,78,1,3,26,0
2,-2,-10,7,17,3,114,107,0,3,20,0
2,7,-2,14,16,0,300,28,0,0,21,0
2,6,0,9,9,2,87,70,1,3,44,0
2,3,2,12,10,1,259,82,0,3,43,0
2,-7,-14,-5,9,0,335,31,0,4,27,0
2,-7,-8,-1,7,2,271,40,0,3,54,0
2,2,1,7,6,3,103,110,1,0,22,0
2,-1,-2,1,3,2,315,119,0,3,44,0
2,-1,-6,4,10,0,201,81,1,0,52,1
2,-7,-10,-3,7,3,216,22,0,3,33,0
2,6,1,10,9,1,60,32,1,3,39,0
2,-3,-12,4,16,0,170,10,1,3,26,0
2,-7,-13,0,13,3,345,48,0,0,26,1
2,4,-4,13,17,2,318,29,0,0,22,0
2,8,1,11,10,3,131,22,1,0,49,0
2,6,1,7,6,0,334,101,1,4,44,1
2,-5,-14,-1,13,3,32,50,0,0,24,1
2,-8,-10,-3,7,0,179,42,0,4,54,0
2,6,-3,10,13,1,342,11,0,3,50,0
2,-4,-6,-2,4,0,148,32,0,0,25,0
2,1,-4,9,13,2,176,107,1,4,31,1
2,0,-1,2,3,3,274,42,1,3,38,0
2,4,0,10,10,0,307,22,1,4,40,0
2,-6,-7,3,10,2,305,95,0,4,54,1
2,6,5,11,6,1,170,91,0,4,24,1
2,-2,-6,2,8,2,25,83,0,4,58,0
2,8,3,15,12,3,104,14,1,3,20,0
2,9,7,18,11,3,214,20,1,3,24,0
3,13,11,22,11,2,77,92,1,0,50,1
3,7,1,14,13,2,186,94,0,3,56,1
3,-3,-11,0,11,1,32,18,0,0,31,0
3,8,0,10,10,3,332,112,1,5,36,1
3,0,-7,9,16,1,170,71,0,0,37,1
3,6,-2,10,12,2,192,38,1,0,57,1
3,7,0,9,9,3,46,108,0,5,40,0
3,-3,-8,1,9,1,237,14,0,5,39,0
3,0,-3,5,8,0,219,20,0,0,40,0
3,1,-1,6,7,2,31,22,0,5,25,0
3,5,1,9,8,3,276,35,0,3,44,0
3,5,3,7,4,0,248,24,1,0,56,0
3,6,3,11,8,3,338,15,1,0,59,0
3,14,6,20,14,2,333,27,0,5,54,0
3,8,6,13,7,1,182,62,1,0,48,1
3,3,-5,8,13,2,46,94,1,3,36,0
3,-1,-5,1,6,2,46,36,1,0,59,0
3,2,1,7,6,2,176,11,1,3,41,0
3,13,10,17,7,1,162,69,1,0,39,1
3,3,-6,11,17,3,69,109,0,5,54,0
3,-3,-5,-2,3,3,27,87,0,3,41,0
3,4,3,6,3,2,287,33,0,3,33,0
3,14,13,16,3,0,109,76,1,0,42,0
3,9,4,14,10,1,136,21,1,3,28,0
3,3,-4,6,10,2,160,104,0,5,40,0
3,1,-8,2,10,0,205,106,0,5,42,0
3,0,-9,5,14,0,142,29,1,5,28,0
3,7,-2,16,18,1,173,71,0,5,23,1
3,9,3,15,12,2,244,50,1,0,42,1
3,8,4,14,10,2,180,103,1,5,53,1
3,4,-1,8,9,0,280,85,1,0,56,1
4,7,2,12,10,3,32,100,1,5,35,0
4,3,-3,12,15,2,234,77,1,0,23,1
4,3,-6,12,18,3,321,27,1,5,48,1
4,12,3,16,13,2,228,16,0,3,46,0
4,15,7,22,15,3,68,71,1,5,50,1
4,16,14,20,6,2,279,76,1,3,34,1
4,16,15,23,8,3,95,111,1,0,50,1
4,3,-4,4,8,2,86,114,1,3,37,0
4,9,3,14,11,3,167,99,1,0,57,1
4,20,11,23,12,3,185,81,0,0,45,1
4,3,-4,9,13,3,125,21,1,0,22,0
4,3,2,11,9,3,47,69,0,5,54,0
4,21,14,29,15,2,92,82,0,0,23,1
4,19,18,23,5,2,294,25,0,3,58,0
4,13,6,20,14,3,231,108,0,3,55,1
4,14,8,16,8,2,304,79,0,0,42,1
4,13,7,18,11,3,324,53,1,3,36,1
4,7,3,9,6,3,141,22,1,3,48,0
4,7,2,12,10,2,93,16,0,0,43,0
4,14,5,22,17,3,344,112,1,3,33,1
4,6,2,12,10,3,235,65,0,0,58,1
4,13,11,18,7,2,326,51,1,3,32,1
4,9,3,10,7,3,36,63,0,5,51,0
4,7,4,8,4,2,346,80,1,0,36,1
4,16,15,19,4,3,337,86,0,5,40,1
4,17,15,25,10,2,83,32,0,5,54,0
4,15,10,22,12,2,220,19,1,5,53,0
4,13,11,14,3,3,169,99,1,5,28,1
4,7,1,11,10,2,190,16,0,3,34,0
4,9,7,11,4,2,75,12,1,5,38,0
5,17,12,26,14,3,327,28,1,0,33,1
5,12,8,21,13,3,341,29,1,5,50,1
5,10,2,14,12,3,143,26,0,5,27,0
5,24,17,31,14,2,140,96,1,0,43,1
5,21,13,22,9,3,273,71,1,3,34,1
5,20,19,24,5,2,188,22,1,3,51,0
5,8,6,12,6,2,254,52,0,0,21,1
5,24,18,29,11,2,329,117,1,3,46,1
5,12,7,16,9,2,77,50,1,0,31,0
5,8,7,17,10,3,289,34,1,3,49,0
5,26,21,33,12,3,70,16,0,5,35,0
5,16,8,24,16,2,210,53,0,5,48,1
5,15,10,19,9,3,254,117,1,0,21,1
5,8,1,16,15,3,295,110,0,0,39,1
5,16,12,24,12,3,276,65,0,5,24,1
5,20,16,27,11,3,70,112,1,0,21,1
5,13,11,16,5,3,258,102,0,3,41,1
5,16,13,23,10,3,233,51,1,3,49,1
5,26,25,35,10,3,201,65,0,3,52,1
5,20,16,23,7,3,160,87,0,5,27,1
5,14,12,21,9,2,52,83,1,5,58,0
5,26,23,27,4,3,141,76,1,0,41,1
5,26,19,34,15,2,34,11,1,5,42,0
5,21,18,28,10,2,217,62,0,0,21,1
5,14,6,19,13,2,106,81,0,5,42,0
5,9,5,17,12,2,230,45,1,3,32,1
5,14,8,17,9,2,94,97,1,3,33,0
5,18,14,23,9,2,162,89,1,3,44,1
5,16,13,18,5,2,197,23,0,3,46,0
5,22,16,27,11,3,275,32,1,0,56,1
5,12,10,20,10,2,182,117,0,5,40,0
6,24,15,29,14,3,251,41,0,2,88,1
6,27,23,29,6,3,119,63,1,0,64,1
6,19,18,24,6,2,284,93,1,0,93,1
6,26,23,27,4,2,36,95,0,3,57,0
6,20,17,22,5,2,297,42,1,3,56,0
6,25,22,30,8,2,234,107,1,2,69,1
6,28,22,35,13,2,274,88,0,0,97,1
6,22,16,26,10,2,116,17,1,3,63,0
6,24,15,25,10,2,183,113,0,0,56,1
6,30,25,34,9,2,100,94,0,0,65,0
6,24,18,32,14,3,241,46,0,2,97,1
6,24,19,33,14,3,74,60,1,3,99,1
6,25,19,32,13,2,260,92,1,2,68,1
6,18,9,21,12,3,338,95,0,3,56,1
6,13,6,20,14,1,25,34,1,0,80,0
6,23,15,30,15,3,103,29,1,0,58,0
6,22,21,28,7,3,144,117,0,2,69,1
6,16,8,24,16,3,183,117,1,3,79,1
6,26,18,32,14,0,113,69,1,2,52,0
6,16,9,23,14,3,178,112,1,2,51,1
6,23,16,31,15,1,27,80,0,0,77,0
6,27,20,31,11,2,199,14,1,0,87,1
6,24,22,25,3,2,245,109,0,0,93,1
6,27,25,33,8,3,98,92,0,0,98,0
6,20,16,27,11,1,78,14,0,2,56,0
6,18,15,24,9,0,316,40,0,2,99,0
6,26,20,32,12,1,41,24,0,0,65,0
6,26,21,30,9,2,237,79,1,2,59,1
6,23,15,26,11,2,305,37,1,0,81,1
6,20,16,25,9,2,48,18,0,0,84,0
7,32,23,39,16,1,250,60,2,0,84,1
7,29,27,32,5,2,137,28,2,2,64,0
7,20,12,23,11,2,334,78,2,0,62,1
7,18,12,24,12,3,283,106,2,0,56,1
7,33,25,41,16,1,237,67,2,3,74,1
7,19,13,26,13,1,211,113,2,0,99,1
7,26,25,31,6,0,61,104,2,2,77,0
7,31,29,39,10,3,200,71,2,2,60,1
7,33,26,38,12,3,48,22,2,3,70,0
7,30,27,36,9,3,244,56,2,3,96,1
7,26,24,28,4,0,280,75,2,2,84,1
7,21,13,26,13,2,101,61,2,0,62,1
7,30,29,39,10,1,310,74,2,2,79,1
7,23,16,31,15,1,148,33,2,3,95,0
7,23,20,31,11,1,297,86,2,2,58,1
7,17,14,18,4,2,57,83,2,3,92,0
7,20,13,25,12,1,97,52,2,3,51,0
7,23,22,24,2,0,197,102,2,2,59,1
7,18,12,26,14,3,211,92,2,2,84,1
7,30,23,38,15,3,183,87,2,2,56,1
7,30,25,39,14,1,167,93,2,0,53,1
7,30,22,32,10,0,304,14,2,2,87,0
7,30,21,36,15,0,56,107,2,3,71,0
7,25,24,34,10,3,126,33,2,2,62,0
7,25,20,32,12,3,108,13,2,3,51,0
7,23,16,24,8,0,259,25,2,3,71,0
7,23,20,32,12,3,333,16,2,2,71,1
7,18,10,20,10,1,227,110,2,0,77,1
7,25,20,29,9,0,219,86,2,2,76,1
7,24,22,25,3,3,198,66,2,3,57,1
7,26,23,30,7,1,50,33,2,0,86,0
8,21,12,27,15,0,142,57,2,2,76,1
8,31,26,38,12,3,99,87,2,2,61,1
8,24,19,30,11,0,82,87,2,2,50,0
8,26,21,33,12,0,69,76,2,2,88,0
8,22,16,30,14,1,261,71,2,0,77,1
8,20,14,27,13,3,259,76,2,2,54,1
8,32,23,33,10,0,249,69,2,2,50,1
8,26,21,33,12,3,173,34,2,2,71,1
8,31,28,33,5,3,231,31,2,2,55,0
8,21,12,27,15,2,196,23,2,3,65,1
8,31,23,33,10,2,118,87,2,0,89,1
8,24,16,32,16,1,217,15,2,2,64,1
8,23,22,32,10,1,48,10,2,2,55,0
8,24,19,26,7,3,342,34,2,2,51,1
8,18,12,22,10,2,289,12,2,0,95,1
8,26,23,32,9,0,212,12,2,2,86,0
8,17,12,21,9,1,306,43,2,2,58,1
8,29,22,31,9,3,199,14,2,0,60,1
8,28,25,30,5,2,32,112,2,3,90,0
8,24,17,28,11,0,156,48,2,3,69,1
8,33,32,40,8,1,100,83,2,0,90,0
8,18,10,20,10,0,313,76,2,0,73,1
8,29,24,34,10,0,173,11,2,3,69,0
8,19,10,24,14,0,204,62,2,0,90,1
8,17,12,19,7,2,153,25,2,0,86,1
8,34,31,38,7,3,225,78,2,0,91,1
8,24,18,30,12,2,83,20,2,3,98,0
8,29,22,32,10,1,79,92,2,3,83,0
8,27,19,30,11,2,54,50,2,0,62,1
8,34,33,37,4,0,280,110,2,3,60,0
8,24,18,32,14,0,210,19,2,2,53,0
9,26,22,31,9,3,75,55,2,0,55,1
9,29,28,31,3,2,86,45,2,3,95,0
9,25,22,29,7,2,306,63,2,3,50,1
9,17,8,22,14,2,181,54,2,5,67,1
9,28,25,35,10,3,162,22,2,0,56,1
9,20,14,27,13,2,317,59,2,0,80,1
9,28,20,33,13,2,291,15,2,0,94,1
9,13,5,21,16,2,71,20,2,0,73,0
9,25,19,26,7,2,26,40,2,3,70,0
9,20,18,23,5,2,197,108,2,3,54,1
9,25,21,32,11,3,110,40,2,0,51,1
9,17,11,26,15,3,110,13,2,5,66,0
9,15,6,16,10,2,160,26,2,3,79,0
9,19,13,27,14,2,229,54,2,2,98,1
9,25,23,31,8,2,333,41,2,2,93,1
9,23,18,32,14,3,50,19,2,2,63,0
9,27,25,32,7,2,153,78,2,2,77,1
9,24,17,31,14,3,35,71,2,2,92,1
9,26,23,27,4,3,206,49,2,3,73,1
9,20,14,28,14,2,329,35,2,5,69,1
9,24,23,29,6,3,191,32,2,3,72,0
9,12,9,13,4,3,247,33,2,2,99,1
9,14,6,21,15,2,185,98,2,0,80,1
9,12,7,21,14,3,109,63,2,2,91,1
9,28,21,29,8,3,128,76,2,5,90,0
9,16,7,18,11,2,184,57,2,0,70,1
9,25,24,33,9,2,42,43,2,0,92,0
9,21,16,25,9,3,342,17,2,0,52,1
9,17,9,23,14,2,154,93,2,3,95,1
9,12,8,14,6,2,36,23,2,5,80,0
10,19,14,21,7,2,92,21,1,2,58,0
10,8,-1,11,12,3,124,16,1,5,41,0
10,9,5,14,9,3,184,119,0,0,32,1
10,19,14,27,13,3,296,26,0,3,25,0
10,13,8,14,6,3,177,117,0,3,46,1
10,12,10,13,3,2,171,30,0,3,53,0
10,23,20,29,9,2,58,119,1,2,38,0
10,18,12,27,15,3,241,11,1,5,26,1
10,14,10,20,10,3,193,72,1,2,29,1
10,13,9,17,8,3,290,103,0,0,36,1
10,8,6,15,9,2,313,91,0,3,52,0
10,9,2,17,15,3,104,45,1,5,43,0
10,12,5,16,11,2,135,93,0,5,38,0
10,7,3,12,9,3,194,99,1,5,22,1
10,12,11,16,5,2,262,40,0,5,25,0
10,13,6,17,11,2,302,34,0,0,39,0
10,15,8,20,12,2,323,68,0,0,32,1
10,8,4,16,12,3,131,33,1,3,44,0
10,17,11,24,13,2,317,42,1,0,23,1
10,23,15,27,12,2,152,32,1,2,50,1
10,10,8,14,6,2,127,72,0,0,52,0
10,5,0,10,10,2,172,19,1,0,24,0
10,15,8,19,11,2,227,18,1,5,50,0
10,19,10,28,18,3,63,16,0,3,56,0
10,22,20,29,9,2,78,49,1,0,59,0
10,7,6,13,7,2,98,88,1,5,33,0
10,8,-1,17,18,2,218,22,0,0,23,1
10,5,-4,8,12,3,140,40,0,2,29,0
10,20,17,29,12,2,161,77,0,2,27,1
10,14,7,23,16,2,284,30,1,2,35,1
10,14,5,20,15,2,46,89,1,2,56,1
11,15,12,22,10,3,218,115,0,5,59,1
11,16,15,21,6,3,312,18,0,2,42,0
11,4,2,5,3,2,206,74,0,3,35,0
11,0,-1,4,5,3,312,41,0,2,29,0
11,3,-6,11,17,3,278,25,0,2,20,0
11,11,4,13,9,0,277,32,0,0,40,0
11,-1,-10,5,15,3,151,35,1,5,26,0
11,14,5,22,17,0,275,22,1,5,22,0
11,1,-3,9,12,2,121,70,1,0,56,1
11,3,-4,6,10,2,116,59,1,2,41,0
11,7,1,12,11,0,349,88,0,2,56,0
11,8,5,10,5,2,326,112,0,0,55,1
11,15,7,18,11,3,112,104,1,0,36,1
11,15,9,24,15,2,222,22,0,2,54,0
11,5,-2,7,9,1,140,12,0,0,33,0
11,4,-1,8,9,2,136,70,1,5,38,0
11,9,5,15,10,2,318,111,1,3,20,1
11,1,0,9,9,1,105,24,1,3,42,0
11,3,0,9,9,0,290,112,1,2,41,0
11,2,-6,7,13,1,276,37,1,0,25,1
11,13,7,16,9,0,158,40,1,2,41,0
11,3,-6,10,16,3,212,85,0,3,57,1
11,10,9,17,8,0,186,25,0,0,39,0
11,12,7,19,12,1,318,107,0,3,53,1
11,5,-3,8,11,3,72,107,0,2,55,0
11,-2,-11,1,12,1,119,40,1,5,43,0
11,10,6,15,9,2,342,19,0,2,21,0
11,4,-2,5,7,1,44,119,0,3,27,0
11,0,-4,6,10,2,303,47,0,3,29,0
11,5,2,8,6,3,139,87,1,5,56,0
12,2,-5,6,11,2,297,73,1,4,22,1
12,-2,-6,6,12,0,73,69,1,0,36,0
12,6,-1,10,11,1,285,37,0,3,27,0
12,7,1,10,9,2,209,100,1,4,43,1
12,7,6,8,2,2,129,45,1,3,49,0
12,-2,-11,1,12,1,196,33,0,3,28,0
12,6,-3,9,12,2,146,12,0,4,54,0
12,-5,-12,-4,8,2,299,21,1,3,22,0
12,5,-1,9,10,3,32,95,0,4,28,0
12,6,1,14,13,2,164,111,1,3,23,1
12,-6,-14,-4,10,1,73,79,0,4,29,0
12,-8,-17,-3,14,2,260,12,0,3,45,0
12,-3,-8,2,10,1,333,45,0,0,34,0
12,-8,-10,-3,7,0,122,109,0,0,48,0
12,4,-1,7,8,1,105,83,1,4,46,0
12,6,-3,12,15,2,287,32,1,3,22,0
12,-3,-12,3,15,3,112,56,1,3,59,0
12,-8,-13,0,13,3,306,104,0,0,54,1
12,-7,-16,-5,11,1,218,118,0,3,36,0
12,7,-1,8,9,1,36,75,1,4,57,0
12,7,-1,14,15,2,178,51,0,0,51,1
12,-2,-4,7,11,3,163,116,1,0,55,1
12,-7,-14,2,16,2,220,100,0,4,20,1
12,8,6,9,3,3,124,83,1,4,23,0
12,3,2,8,6,0,284,11,1,4,42,0
12,6,-2,15,17,0,173,28,0,0,50,0
12,4,0,10,10,2,131,64,1,3,46,0
12,-5,-13,3,16,3,128,36,0,3,34,0
12,-8,-16,0,16,2,324,79,0,0,26,1
12,-6,-10,-1,9,3,50,53,1,3,59,0
12,6,1,12,11,1,221,108,1,0,50,1
1,-11,-14,-4,10,2,195,90,0,0,56,1
1,3,1,8,7,0,133,10,0,4,25,0
1,-10,-16,-3,13,1,253,73,0,0,46,1
1,-7,-12,1,13,2,251,102,1,0,43,1
1,-9,-12,-4,8,3,330,19,1,0,43,0
1,-9,-18,-2,16,1,168,34,1,0,27,0
1,-1,-6,4,10,3,335,85,1,0,28,1
1,-10,-13,-6,7,3,108,71,1,0,36,0
1,-5,-10,3,13,2,31,77,0,0,55,0
1,2,-1,6,7,2,54,19,0,3,59,0
1,3,1,6,5,1,221,57,1,0,44,1
1,2,-5,7,12,1,339,68,0,0,44,1
1,-10,-12,-1,11,0,180,22,0,0,49,0
1,-5,-7,0,7,3,141,61,0,3,51,0
1,-9,-14,-2,12,2,199,81,0,0,22,1
1,5,-2,10,12,1,123,86,0,3,40,0
1,3,-1,11,12,0,30,115,0,0,33,0
1,-8,-13,-3,10,0,344,47,0,4,29,0
1,-2,-4,3,7,3,116,56,1,4,52,0
1,4,0,6,6,2,212,68,0,0,31,1
1,0,-9,7,16,0,235,73,0,4,49,1
1,6,1,10,9,0,305,89,1,4,20,1
1,1,-5,10,15,1,99,98,1,0,29,0
1,-4,-10,3,13,1,291,100,0,3,43,1
1,6,2,8,6,3,348,94,1,3,38,1
1,-9,-16,-4,12,0,287,105,0,0,44,1
1,3,-1,5,6,1,82,49,0,3,40,0
1,6,3,15,12,3,25,41,1,0,49,0
1,3,-4,6,10,3,335,110,0,3,56,0
1,-6,-13,-5,8,0,170,106,1,3,20,0
1,-3,-8,0,8,3,26,17,1,4,20,0
2,-1,-9,0,9,2,116,93,0,4,39,0
2,6,0,11,11,0,96,55,0,4,20,0
2,6,-2,11,13,2,234,79,0,4,37,1
2,0,-9,3,12,2,119,43,1,3,44,0
2,-7,-16,-5,11,0,186,70,1,4,50,1
2,-4,-12,-2,10,2,269,71,0,3,34,0
2,-6,-8,-5,3,0,145,118,1,3,55,0
2,8,4,14,10,3,267,108,1,4,49,1
2,5,-2,7,9,0,197,94,0,0,34,0
2,-3,-11,1,12,2,278,62,1,4,57,1
2,4,-4,9,13,1,294,40,0,4,21,0
2,-2,-10,-1,9,1,194,43,0,0,50,0
2,-5,-6,2,8,0,116,19,0,0,23,0
2,-5,-12,4,16,2,143,78,0,0,42,1
2,-3,-10,-2,8,2,336,113,1,0,52,1
2,9,2,15,13,3,290,51,1,0,27,1
2,4,-3,7,10,3,121,98,1,3,48,0
2,-8,-13,-7,6,0,88,76,1,0,20,0
2,2,-4,6,10,2,210,52,0,0,58,1
2,-5,-10,-2,8,0,36,97,0,4,24,0
2,-8,-11,-5,6,2,193,35,1,0,56,0
2,1,-3,8,11,1,147,102,0,3,56,0
2,-5,-13,0,13,3,210,41,0,3,58,0
2,5,0,7,7,0,256,73,1,4,20,1
2,-8,-16,0,16,1,209,55,0,4,20,1
2,-3,-11,3,14,1,291,95,1,4,56,1
2,4,-3,5,8,3,185,83,0,3,58,0
2,1,-7,10,17,0,342,23,0,0,43,0
3,7,4,14,10,3,71,99,1,5,49,0
3,3,0,4,4,0,92,100,1,3,50,0
3,-2,-9,-1,8,2,173,40,1,0,20,0
3,0,-4,4,8,0,212,101,0,0,41,0
3,13,12,15,3,3,44,48,0,5,23,0
3,4,0,5,5,2,272,95,0,3,37,0
3,4,-5,6,11,0,93,25,1,0,57,0
3,11,9,14,5,3,298,25,1,5,22,0
3,0,-2,7,9,0,275,119,0,0,26,0
3,12,3,21,18,0,48,31,1,5,49,0
3,-1,-3,8,11,0,302,47,1,0,49,1
3,-2,-10,2,12,2,105,19,0,5,26,0
3,2,0,5,5,2,232,117,0,0,33,1
3,0,-4,5,9,1,197,59,0,5,22,0
3,9,5,15,10,1,302,77,0,3,32,0
3,5,-1,8,9,2,171,18,1,5,49,0
3,8,3,15,12,0,125,67,1,5,51,0
3,-1,-8,8,16,3,153,33,1,0,55,1
3,-1,-3,5,8,2,263,118,0,3,56,0
3,3,-4,8,12,2,76,44,1,5,58,0
3,-3,-9,-2,7,2,261,14,1,5,28,0
3,9,0,10,10,1,321,29,0,0,21,0
3,2,-1,4,5,1,49,27,1,5,56,0
3,14,11,22,11,1,58,36,0,0,59,0
3,5,4,7,3,2,40,41,1,5,55,0
3,4,0,10,10,1,47,29,0,5,45,0
3,-1,-5,5,10,2,342,69,0,5,55,0
3,-3,-5,-2,3,3,292,19,1,5,39,0
3,11,8,16,8,3,35,82,1,0,43,0
3,9,3,14,11,0,308,37,0,3,43,0
3,13,9,21,12,2,181,47,0,5,36,1
4,19,16,28,12,3,296,65,0,5,20,1
4,7,0,12,12,2,91,47,0,0,33,0
4,17,13,26,13,2,115,65,1,5,32,0
4,11,10,18,8,3,98,99,0,0,21,0
4,19,10,26,16,2,128,11,1,5,22,0
4,15,11,18,7,3,59,32,1,3,39,0
4,20,18,26,8,2,244,11,0,0,35,0
4,13,6,16,10,2,209,75,1,0,33,1
4,11,4,20,16,3,26,86,1,5,23,1
4,18,16,24,8,3,336,75,0,0,44,1
4,10,5,14,9,2,168,98,0,0,52,1
4,14,9,20,11,2,202,40,0,5,28,0
4,20,13,26,13,2,259,13,1,0,45,1
4,8,6,9,3,2,115,74,1,0,37,0
4,9,6,17,11,2,217,76,0,5,47,1
4,5,3,13,10,3,212,101,0,3,46,1
4,22,21,29,8,3,258,44,0,0,45,1
4,21,17,24,7,2,332,109,0,5,48,1
4,19,10,21,11,3,342,54,1,5,40,1
4,16,12,23,11,3,337,91,1,3,31,1
4,11,10,20,10,2,308,68,0,3,22,0
4,19,14,20,6,3,203,97,0,0,31,1
4,11,7,13,6,2,235,77,1,0,54,1
4,19,14,27,13,2,340,107,0,3,23,1
4,6,5,7,2,2,336,81,0,3,47,0
4,6,3,13,10,2,342,40,0,5,23,0
4,14,12,16,4,2,100,94,0,5,56,0
4,17,12,24,12,3,335,42,1,5,35,1
4,13,11,21,10,3,139,76,0,0,32,1
4,8,4,15,11,3,330,116,1,5,25,1
5,17,16,21,5,3,272,102,1,0,38,1
5,17,13,20,7,3,327,42,0,3,49,0
5,26,25,27,2,2,343,16,1,0,36,0
5,15,8,18,10,3,276,37,1,3,42,0
5,19,17,26,9,2,258,56,1,3,37,1
5,19,17,23,6,3,55,28,0,5,35,0
5,16,15,17,2,3,173,116,0,0,53,1
5,16,8,20,12,3,209,57,1,0,49,1
5,11,9,16,7,2,212,28,1,3,58,0
5,15,6,19,13,3,257,88,1,3,42,1
5,13,11,18,7,3,37,110,1,3,50,0
5,21,13,30,17,3,38,44,0,3,54,0
5,9,1,13,12,2,137,93,0,3,40,0
5,21,20,22,2,2,183,43,1,3,52,0
5,26,25,28,3,3,272,77,0,0,54,1
5,20,17,22,5,3,52,93,0,5,45,0
5,19,14,25,11,3,123,90,0,0,49,1
5,24,15,31,16,3,261,17,1,3,55,1
5,20,12,29,17,3,244,99,0,5,55,1
5,26,20,27,7,2,220,55,1,5,28,1
5,14,10,22,12,2,226,73,1,0,30,1
5,15,7,24,17,2,182,61,0,5,35,1
5,12,5,13,8,2,175,38,1,5,39,0
5,14,10,22,12,3,255,44,1,0,20,1
5,25,17,29,12,2,116,115,0,5,50,0
5,27,18,28,10,2,301,72,0,3,46,0
5,11,6,18,12,3,125,100,0,0,22,1
5,21,16,28,12,2,27,76,1,3,56,0
5,19,15,20,5,3,280,24,1,0,44,1
5,24,21,25,4,3,124,92,1,3,28,0
5,9,2,11,9,3,92,61,0,3,44,0
6,13,10,19,9,1,265,105,0,2,66,0
6,18,17,21,4,3,135,57,0,2,63,0
6,27,22,36,14,0,242,107,0,0,70,1
6,28,27,34,7,3,158,91,0,0,80,1
6,20,18,25,7,2,67,35,0,0,52,0
6,25,21,28,7,2,255,88,0,3,88,0
6,19,15,21,6,2,55,47,0,2,93,0
6,30,28,34,6,3,159,19,1,2,80,0
6,29,24,31,7,0,214,104,0,0,87,0
6,15,9,22,13,3,60,61,1,2,92,1
6,25,19,34,15,1,122,49,1,0,90,1
6,18,14,19,5,1,224,104,0,0,90,1
6,24,19,25,6,0,265,40,0,2,79,0
6,27,18,33,15,1,122,76,0,3,71,0
6,16,7,20,13,2,200,44,1,2,51,1
6,24,23,31,8,1,332,114,1,3,89,0
6,29,24,37,13,0,259,73,0,0,81,1
6,25,23,34,11,1,174,32,0,0,85,0
6,27,26,34,8,2,228,114,0,3,90,0
6,27,22,28,6,2,49,80,1,3,52,0
6,30,28,37,9,2,348,50,1,0,71,1
6,29,23,38,15,0,211,49,1,0,57,1
6,29,22,34,12,0,293,113,1,0,78,1
6,14,10,21,11,0,323,11,0,0,81,0
6,27,20,32,12,0,131,89,1,2,75,0
6,22,17,28,11,0,204,92,1,0,74,1
6,18,9,23,14,3,43,79,0,2,52,0
6,27,18,35,17,3,28,111,1,0,89,1
6,14,10,16,6,0,187,37,0,3,69,0
6,30,23,35,12,2,95,78,0,0,56,1
7,33,25,35,10,0,33,114,2,0,78,0
7,23,16,30,14,3,112,113,2,3,56,1
7,32,30,41,11,3,54,56,2,0,62,1
7,18,16,22,6,3,222,35,2,2,99,0
7,22,14,23,9,0,93,71,2,3,81,0
7,20,15,29,14,3,302,59,2,3,87,1
7,27,24,31,7,2,307,93,2,0,58,1
7,33,26,35,9,0,43,81,2,0,56,0
7,17,13,23,10,0,160,32,2,3,68,0
7,32,30,39,9,3,73,15,2,3,89,0
7,18,16,26,10,3,244,54,2,0,51,1
7,31,24,34,10,3,294,49,2,0,61,1
7,18,12,25,13,0,176,81,2,0,85,1
7,20,14,23,9,1,119,119,2,3,87,0
7,23,15,32,17,0,50,75,2,2,74,0
7,20,13,26,13,2,49,48,2,3,84,0
7,33,25,36,11,1,185,106,2,3,56,1
7,25,20,28,8,2,325,43,2,3,51,0
7,20,15,22,7,0,254,23,2,3,88,0
7,22,15,28,13,1,241,61,2,0,98,1
7,33,25,35,10,3,164,102,2,2,61,1
7,22,17,23,6,3,143,46,2,2,75,1
7,27,18,33,15,2,67,20,2,0,90,0
7,20,13,21,8,3,85,23,2,2,83,0
7,28,25,37,12,2,156,98,2,0,62,1
7,30,28,33,5,3,251,112,2,0,54,1
7,31,25,37,12,0,243,77,2,0,64,1
7,18,13,23,10,2,184,35,2,0,77,1
7,25,23,26,3,2,217,16,2,2,98,0
7,28,24,32,8,2,236,95,2,3,70,1
7,33,32,34,2,0,41,45,2,2,65,0
8,29,23,31,8,2,267,114,2,0,82,1
8,22,13,31,18,2,180,109,2,2,57,1
8,24,21,27,6,1,77,114,2,0,75,0
8,32,25,41,16,1,170,14,2,2,70,1
8,19,18,28,10,3,300,20,2,0,69,1
8,19,13,21,8,2,231,118,2,0,67,1
8,28,26,34,8,3,175,42,2,2,61,1
8,17,8,21,13,0,107,30,2,0,76,0
8,26,21,27,6,1,277,107,2,2,74,1
8,26,24,30,6,2,55,116,2,0,67,1
8,21,19,25,6,3,321,15,2,2,51,1
8,34,27,35,8,0,101,10,2,2,56,0
8,26,21,31,10,0,207,105,2,2,64,1
8,25,21,26,5,0,305,70,2,2,72,1
8,31,29,33,4,3,30,95,2,0,55,1
8,19,12,28,16,3,168,45,2,0,97,1
8,21,20,26,6,2,145,34,2,2,55,0
8,18,14,25,11,1,335,109,2,2,51,1
8,29,21,34,13,0,205,76,2,2,67,1
8,32,27,38,11,3,230,18,2,0,61,1
8,25,16,26,10,2,169,77,2,0,64,1
8,31,27,39,12,1,221,55,2,2,63,1
8,30,21,39,18,1,45,62,2,0,94,1
8,29,24,38,14,0,281,27,2,3,94,0
8,26,21,29,8,3,152,113,2,3,94,1
8,26,23,33,10,0,149,79,2,2,67,1
8,24,20,33,13,3,242,106,2,0,99,1
8,26,23,29,6,0,103,40,2,3,58,0
8,32,29,34,5,2,136,84,2,0,53,1
8,27,20,34,14,3,199,116,2,0,83,1
8,27,20,29,9,0,257,20,2,2,77,0
9,20,15,28,13,3,303,72,2,2,86,1
9,17,14,20,6,2,79,53,2,2,65,0
9,19,13,27,14,3,236,94,2,2,87,1
9,16,11,22,11,2,33,36,2,3,81,0
9,16,15,24,9,2,135,25,2,0,77,0
9,24,16,25,9,3,340,67,2,3,69,1
9,12,11,21,10,2,243,89,2,3,52,1
9,26,20,27,7,2,98,97,2,2,64,0
9,23,15,30,15,3,134,88,2,0,78,1
9,17,15,26,11,3,266,42,2,0,66,1
9,17,14,24,10,3,209,29,2,5,72,0
9,23,17,25,8,3,124,65,2,0,89,1
9,23,15,32,17,2,148,52,2,3,99,1
9,24,22,31,9,2,212,11,2,5,76,0
9,25,23,31,8,3,333,93,2,5,61,1
9,21,12,27,15,3,203,91,2,5,98,1
9,16,9,23,14,2,193,35,2,0,69,1
9,24,23,26,3,2,28,62,2,3,55,0
9,14,13,21,8,3,298,115,2,3,98,1
9,15,13,17,4,2,47,12,2,5,72,0
9,28,26,31,5,3,314,51,2,5,75,1
9,21,19,22,3,2,166,24,2,3,67,0
9,18,13,22,9,2,87,39,2,0,78,0
9,22,19,24,5,2,309,14,2,3,50,0
9,18,11,22,11,3,105,83,2,2,69,1
9,29,26,38,12,2,265,92,2,3,96,1
9,17,12,26,14,3,330,108,2,2,96,1
9,17,16,21,5,3,324,31,2,3,68,0
9,24,22,29,7,2,72,72,2,0,96,1
9,25,18,33,15,2,82,14,2,0,92,0
10,19,11,20,9,3,311,14,0,2,32,0
10,15,12,17,5,2,140,90,1,3,48,0
10,8,2,11,9,3,141,63,0,3,27,0
10,23,17,30,13,3,204,63,1,3,28,1
10,24,19,26,7,2,120,95,0,2,25,0
10,21,18,22,4,2,209,93,1,5,53,1
10,20,11,23,12,3,332,44,0,0,51,1
10,16,7,20,13,3,64,69,0,5,52,0
10,18,16,25,9,3,275,118,0,0,29,1
10,6,-3,15,18,2,220,32,0,0,39,1
10,10,4,14,10,2,227,20,0,2,28,0
10,15,8,18,10,2,63,39,0,3,50,0
10,15,13,20,7,3,116,57,0,3,55,0
10,12,5,15,10,2,290,101,0,3,31,0
10,23,18,26,8,2,155,26,0,5,39,0
10,6,4,10,6,3,38,105,0,2,37,0
10,5,-4,14,18,3,279,55,1,0,43,1
10,5,0,12,12,2,121,97,1,5,52,0
10,16,10,18,8,3,344,114,1,2,51,1
10,5,-3,9,12,2,63,96,0,5,26,0
10,22,14,26,12,2,329,29,1,2,37,1
10,10,8,18,10,2,81,113,0,5,50,0
10,11,9,12,3,3,280,56,0,3,51,1
10,11,10,20,10,3,122,12,1,3,34,0
10,6,-1,14,15,3,260,40,0,0,27,1
10,24,15,33,18,3,151,63,0,2,39,1
10,15,14,23,9,2,222,11,0,2,59,0
10,9,8,12,4,3,135,32,0,2,42,0
10,24,15,29,14,3,223,42,0,2,46,1
10,7,2,13,11,3,143,67,1,2,53,1
10,12,11,15,4,3,185,112,0,5,30,1
11,15,11,21,10,1,317,92,1,5,47,0
11,-1,-5,0,5,1,183,58,0,0,54,1
11,8,0,11,11,0,199,23,0,2,31,0
11,1,0,7,7,1,125,37,0,0,37,0
11,7,1,16,15,2,263,18,0,3,37,0
11,3,2,10,8,0,218,89,1,2,37,0
11,3,-1,6,7,1,62,95,0,3,29,0
11,14,10,15,5,3,228,45,1,5,36,1
11,9,1,16,15,2,95,46,0,5,24,0
11,3,-6,10,16,0,215,66,1,3,35,1
11,-2,-9,0,9,2,149,58,1,0,33,1
11,15,10,18,8,1,241,25,0,2,31,0
11,3,-4,10,14,0,305,14,0,3,28,0
11,14,7,15,8,1,313,52,0,3,20,0
11,0,-4,4,8,3,236,80,1,5,39,1
11,11,8,13,5,1,330,83,0,2,57,0
11,4,1,12,11,3,335,50,0,5,44,1
11,-1,-2,3,5,2,295,48,0,3,55,0
11,13,11,20,9,3,210,83,1,3,21,1
11,12,10,14,4,3,110,54,0,5,31,0
11,4,-3,7,10,2,251,108,1,3,47,1
11,4,3,5,2,3,295,108,1,5,37,1
11,2,-5,11,16,0,295,62,0,2,54,1
11,11,8,14,6,1,139,82,0,2,20,0
11,12,10,18,8,0,150,51,0,3,44,0
11,1,-4,5,9,2,290,10,0,2,21,0
11,8,6,13,7,3,171,38,0,0,34,0
11,3,-1,9,10,1,135,94,1,3,37,0
11,5,-3,11,14,2,199,112,1,3,49,1
11,12,3,13,10,3,271,116,1,2,29,1
12,-5,-9,1,10,1,39,118,1,4,21,0
12,4,-1,10,11,2,267,19,0,0,29,0
12,7,3,14,11,1,160,64,1,0,52,1
12,-3,-10,3,13,1,59,37,0,4,47,0
12,-5,-12,-2,10,0,70,102,1,3,49,0
12,-6,-14,0,14,3,174,51,1,4,21,1
12,5,0,13,13,2,118,81,0,4,22,0
12,-8,-13,-3,10,0,50,43,0,4,56,0
12,6,2,10,8,2,146,47,0,3,28,0
12,-2,-5,7,12,3,56,80,0,0,41,1
12,4,-2,8,10,1,100,101,1,0,50,0
12,-8,-12,-4,8,0,176,114,1,4,28,1
12,-1,-4,8,12,3,284,40,1,0,48,1
12,-4,-6,5,11,1,193,89,1,0,38,1
12,-8,-13,-1,12,2,139,45,0,0,43,1
12,-5,-10,0,10,0,46,111,1,4,23,0
12,1,-1,2,3,2,251,55,1,3,36,0
12,6,-1,15,16,3,121,14,0,3,23,0
12,7,-1,8,9,2,78,101,1,3,50,0
12,1,-1,9,10,0,43,117,1,0,34,0
12,-3,-10,-1,9,0,31,69,1,3,25,0
12,3,-1,4,5,1,284,30,1,3,31,0
12,4,-2,12,14,0,137,93,0,3,20,0
12,-4,-6,-1,5,1,94,27,1,4,52,0
12,-8,-9,-5,4,0,171,13,0,3,23,0
12,3,-3,4,7,3,190,17,1,3,20,0
12,-2,-11,3,14,1,27,59,0,3,39,0
12,-1,-2,8,10,1,30,99,1,4,54,0
12,-3,-5,4,9,1,336,30,1,0,53,0
12,-5,-12,-4,8,0,237,103,1,0,21,1
12,-6,-10,0,10,0,45,53,0,3,33,0
1,-7,-13,-5,8,2,180,11,1,4,31,0
1,-8,-10,-6,4,0,307,38,1,3,34,0
1,-5,-13,1,14,1,337,84,1,3,45,1
1,6,5,10,5,0,141,16,1,4,44,0
1,2,-5,8,13,1,74,94,0,4,44,0
1,2,-1,10,11,2,68,44,1,4,33,0
1,6,3,7,4,1,53,81,1,0,38,0
1,-3,-7,3,10,1,298,58,1,4,37,1
1,-11,-14,-8,6,1,150,102,1,4,58,1
1,-8,-11,-3,8,2,225,86,0,4,34,1
1,0,-1,4,5,2,44,20,1,4,47,0
1,4,1,9,8,1,173,25,1,4,39,0
1,-10,-17,-7,10,2,339,48,0,4,25,1
1,5,-2,14,16,1,336,74,1,0,52,1
1,-5,-9,-3,6,3,258,76,0,3,56,0
1,-4,-12,4,16,3,136,38,0,4,20,0
1,-10,-19,-9,10,1,122,40,0,4,22,0
1,1,-2,9,11,3,193,116,1,3,41,1
1,4,0,5,5,0,195,69,0,0,40,0
1,0,-7,4,11,2,94,40,0,0,30,0
1,-11,-12,-4,8,2,125,46,0,3,58,0
1,1,-1,9,10,1,319,24,1,4,29,0
1,-8,-13,-2,11,1,111,52,1,4,39,0
1,-5,-11,2,13,1,122,10,1,0,30,0
1,-2,-4,-1,3,2,37,68,0,4,53,0
1,4,2,8,6,1,95,68,1,0,43,0
1,2,-3,10,13,2,284,36,1,3,26,0
1,-1,-2,6,8,1,266,19,1,3,40,0
1,0,-4,6,10,1,37,119,1,3,39,0
1,-9,-15,-4,11,1,255,112,0,0,48,1
1,-8,-13,-6,7,0,137,20,1,3,59,0
2,-6,-15,-5,10,1,341,32,1,0,21,0
2,0,-9,4,13,0,145,83,0,4,31,1
2,-8,-11,-6,5,3,112,109,0,3,25,0
2,1,-4,5,9,0,123,97,1,4,50,0
2,7,-2,10,12,3,305,112,1,4,23,1
2,1,-8,3,11,2,141,19,1,0,35,0
2,4,-2,7,9,1,63,98,1,0,34,0
2,5,1,11,10,3,301,77,1,3,39,1
2,5,-4,11,15,2,236,113,0,0,22,1
2,6,-3,15,18,2,44,15,1,4,54,0
2,4,1,13,12,2,77,93,1,4,48,1
2,3,-3,8,11,1,92,12,0,3,39,0
2,0,-5,9,14,1,293,20,0,4,59,0
2,-8,-9,0,9,1,179,103,1,4,25,1
2,1,-6,10,16,0,77,112,1,0,26,0
2,8,6,15,9,3,118,24,1,3,48,0
2,-6,-12,-5,7,1,252,10,0,0,32,0
2,5,-4,14,18,3,182,73,0,3,21,1
2,9,3,17,14,3,263,105,0,0,24,1
2,0,-9,8,17,0,32,101,1,0,53,0
2,4,-3,5,8,1,52,88,0,0,46,0
2,3,-1,12,13,2,267,71,1,4,50,1
2,-6,-13,1,14,2,91,93,0,0,43,0
2,-1,-6,3,9,3,101,70,0,4,44,0
2,7,3,10,7,2,309,21,1,0,55,0
2,-5,-10,-2,8,2,269,93,0,4,29,1
2,-6,-10,1,11,0,267,107,1,0,27,1
2,-3,-10,-2,8,3,281,77,1,0,29,1
3,-3,-12,6,18,3,158,112,1,0,59,1
3,12,4,17,13,0,177,62,0,3,43,0
3,2,-2,5,7,2,135,49,1,5,43,0
3,8,-1,12,13,2,143,104,0,3,39,1
3,10,9,12,3,2,123,87,1,5,31,0
3,12,7,17,10,2,229,12,0,3,28,0
3,8,1,10,9,0,199,77,1,5,32,0
3,0,-6,7,13,2,168,72,1,0,20,1
3,11,2,15,13,2,269,69,0,0,30,1
3,9,5,10,5,3,125,43,0,5,39,0
3,5,-4,13,17,1,118,103,1,0,57,1
3,-3,-4,2,6,1,317,27,1,0,21,0
3,12,3,21,18,2,133,67,1,0,57,1
3,-2,-6,7,13,2,237,91,0,5,26,1
3,12,5,13,8,3,283,91,1,0,32,1
3,13,7,16,9,0,265,12,1,0,53,0
3,3,-4,9,13,2,69,49,0,5,23,0
3,3,-6,6,12,0,175,96,0,5,26,0
3,-1,-2,8,10,3,185,68,1,3,37,1
3,9,1,15,14,3,274,100,1,0,20,1
3,0,-7,2,9,0,62,20,0,0,34,0
3,1,-1,2,3,0,30,16,1,3,21,0
3,-2,-7,7,14,2,81,10,1,3,52,0
3,5,3,10,7,0,34,90,0,3,42,0
3,5,3,8,5,1,268,114,1,0,48,1
3,-3,-8,1,9,1,211,79,0,0,23,1
3,14,9,19,10,3,181,20,0,3,57,0
3,11,6,12,6,3,52,12,0,3,35,0
3,1,-4,10,14,3,190,64,0,5,21,1
3,5,3,7,4,2,332,71,0,3,33,0
3,0,-5,9,14,0,174,98,1,5,46,1
4,10,9,11,2,3,335,94,0,3,27,1
4,9,8,13,5,3,287,78,0,0,56,1
4,11,3,16,13,3,228,49,1,0,38,1
4,22,18,28,10,3,347,114,1,0,22,1
4,10,2,18,16,3,297,114,1,0,55,1
4,4,-2,13,15,2,303,86,0,5,40,1
4,6,3,12,9,3,237,98,1,5,27,1
4,5,2,11,9,3,71,101,1,0,22,1
4,13,11,17,6,2,142,106,0,5,43,0
4,21,14,30,16,3,215,12,1,3,53,1
4,17,9,26,17,2,33,78,0,0,21,1
4,12,7,18,11,2,82,111,1,5,53,0
4,18,17,27,10,3,87,108,1,3,31,0
4,19,12,25,13,2,192,15,1,0,23,1
4,17,10,19,9,3,270,115,1,5,57,1
4,11,2,12,10,2,305,117,1,5,47,1
4,4,1,7,6,2,278,19,0,0,34,0
4,18,10,24,14,2,68,92,1,5,37,0
4,10,4,18,14,3,203,27,1,0,47,1
4,13,7,22,15,3,38,82,0,5,34,0
4,8,5,14,9,3,56,23,1,5,53,0
4,20,14,24,10,2,117,98,0,5,58,0
4,3,-5,9,14,2,273,62,1,0,42,1
4,18,10,25,15,2,174,64,0,0,49,1
4,15,10,18,8,3,195,51,0,5,46,1
4,11,9,15,6,2,210,97,1,3,59,1
4,11,7,14,7,2,64,68,1,3,41,0
4,9,3,13,10,3,310,65,0,3,32,1
4,20,18,26,8,2,25,65,0,5,35,0
4,13,6,17,11,2,111,106,0,5,39,0
5,8,1,15,14,2,63,97,1,5,58,0
5,16,7,24,17,2,295,45,1,3,34,1
5,21,18,30,12,3,179,117,0,3,31,1
5,17,14,20,6,3,273,27,0,5,21,0
5,20,15,29,14,3,69,44,1,3,48,0
5,15,12,19,7,3,109,85,0,3,29,0
5,12,6,21,15,2,62,75,0,3,51,0
5,14,12,18,6,3,254,86,1,5,28,1
5,21,12,30,18,2,283,118,0,0,42,1
5,26,23,35,12,3,197,113,0,3,41,1
5,11,3,16,13,3,80,55,0,5,50,0
5,9,0,15,15,3,333,102,0,3,20,1
5,21,19,26,7,2,327,108,0,3,52,1
5,18,16,26,10,3,333,15,0,3,57,0
5,26,21,27,6,3,149,46,1,3,45,1
5,25,21,28,7,3,93,118,1,3,39,0
5,25,24,26,2,2,191,74,1,3,43,1
5,20,11,29,18,3,313,12,0,0,24,1
5,8,3,12,9,3,286,27,0,0,32,0
5,15,12,23,11,3,203,119,0,0,54,1
5,27,25,29,4,3,26,10,0,3,38,0
5,24,16,25,9,2,345,64,1,3,59,1
5,27,22,29,7,3,38,11,0,5,20,0
5,8,4,11,7,3,198,13,0,3,37,0
5,26,20,29,9,3,51,38,1,3,26,0
5,27,22,36,14,2,319,10,0,5,38,0
5,16,11,19,8,3,49,90,1,3,55,0
5,21,15,25,10,3,343,73,1,3,27,1
5,8,-1,11,12,3,181,77,1,0,22,1
5,21,13,27,14,2,52,44,0,3,57,0
5,20,12,27,15,3,156,84,0,3,26,1
6,31,23,33,10,3,199,61,1,2,59,1
6,22,15,28,13,3,112,111,0,2,84,1
6,18,15,24,9,2,324,10,0,0,91,0
6,27,22,35,13,2,283,89,1,3,50,1
6,23,15,25,10,3,326,63,1,3,70,1
6,29,24,31,7,0,251,44,1,2,96,0
6,14,12,16,4,2,165,23,1,2,51,0
6,26,18,35,17,3,124,93,0,2,54,0
6,17,14,25,11,1,305,48,0,3,51,0
6,22,14,26,12,1,31,111,0,3,65,0
6,18,14,24,10,0,41,41,0,3,83,0
6,21,20,24,4,3,226,16,0,3,73,0
6,31,23,38,15,3,296,98,0,0,64,1
6,21,15,26,11,0,323,72,0,3,75,0
6,15,8,24,16,1,191,53,1,3,51,1
6,30,25,39,14,0,291,46,0,3,97,0
6,22,16,28,12,2,172,110,1,3,72,1
6,14,12,22,10,3,293,27,1,2,98,0
6,31,22,40,18,0,191,56,0,0,98,1
6,27,22,30,8,1,85,27,0,2,66,0
6,13,10,18,8,1,253,91,1,0,60,1
6,21,12,27,15,2,223,27,1,0,81,1
6,17,13,22,9,3,238,10,1,0,96,0
6,20,14,25,11,1,315,88,0,3,99,0
6,25,24,32,8,3,213,42,0,3,54,0
6,17,8,25,17,2,315,76,1,2,54,1
6,29,24,36,12,2,300,38,0,3,54,0
6,31,23,36,13,3,202,92,1,2,98,1
6,24,21,26,5,1,171,49,0,3,81,0
6,20,14,23,9,0,271,37,1,0,83,0
7,27,18,33,15,1,161,50,2,0,81,1
7,23,20,25,5,0,107,78,2,3,62,0
7,28,19,29,10,0,170,47,2,3,54,0
7,27,21,29,8,1,291,39,2,2,97,0
7,30,28,37,9,1,134,97,2,0,97,0
7,29,20,31,11,2,154,106,2,2,54,1
7,25,21,26,5,0,147,76,2,3,94,0
7,33,28,42,14,1,273,15,2,2,87,1
7,24,21,33,12,1,108,74,2,0,64,1
7,20,17,28,11,0,263,57,2,0,62,1
7,32,23,36,13,2,270,62,2,2,89,1
7,31,23,32,9,2,179,87,2,2,81,1
7,29,20,38,18,1,86,64,2,3,68,0
7,22,16,24,8,0,164,40,2,3,68,0
7,30,25,34,9,2,201,74,2,2,52,1
7,23,19,30,11,2,98,100,2,2,60,1
7,18,11,23,12,0,296,90,2,2,89,1
7,18,13,21,8,1,277,52,2,2,59,1
7,33,28,37,9,0,87,71,2,2,94,0
7,19,12,23,11,3,164,77,2,3,70,1
7,32,30,41,11,3,285,52,2,3,67,1
7,19,11,24,13,2,327,116,2,3,69,1
7,27,18,29,11,0,150,102,2,2,51,1
7,17,8,25,17,1,208,25,2,2,69,1
7,29,20,36,16,1,258,95,2,2,70,1
7,33,32,40,8,1,271,11,2,0,52,0
7,26,17,30,13,0,211,96,2,0,72,1
7,24,16,33,17,2,294,69,2,2,69,1
7,21,13,25,12,3,154,28,2,3,72,1
7,25,18,31,13,0,214,83,2,3,98,1
7,24,20,32,12,2,87,110,2,3,67,1
8,21,13,29,16,3,90,12,2,0,93,0
8,31,22,39,17,0,164,49,2,3,62,1
8,27,24,29,5,0,140,77,2,0,70,1
8,19,17,24,7,3,284,90,2,3,72,1
8,18,11,21,10,2,110,77,2,0,53,1
8,26,20,31,11,1,58,55,2,2,62,0
8,20,16,27,11,3,49,78,2,2,81,1
8,30,25,36,11,0,341,18,2,3,87,0
8,28,21,37,16,1,317,58,2,0,82,1
8,31,28,40,12,0,233,41,2,2,93,1
8,19,15,25,10,3,33,81,2,3,53,0
8,19,16,23,7,3,268,107,2,2,53,1
8,31,26,39,13,3,30,81,2,2,76,1
8,34,27,39,12,2,62,100,2,2,82,1
8,20,17,26,9,1,25,50,2,0,90,0
8,21,17,30,13,0,315,85,2,3,88,1
8,32,27,36,9,1,52,101,2,3,53,0
8,19,10,24,14,0,311,84,2,2,82,1
8,26,21,33,12,2,321,111,2,2,51,1
8,27,23,32,9,3,239,56,2,3,86,1
8,30,27,33,6,2,267,58,2,2,76,1
8,32,26,37,11,0,26,90,2,3,81,0
8,33,28,34,6,0,276,49,2,0,77,1
8,30,29,38,9,2,56,107,2,0,71,1
8,29,21,38,17,3,178,114,2,2,71,1
8,17,10,20,10,2,218,111,2,2,75,1
8,20,12,21,9,3,194,78,2,3,76,1
8,25,22,31,9,0,63,91,2,2,75,0
8,33,30,38,8,2,32,49,2,3,74,0
8,21,13,26,13,1,196,119,2,2,55,1
8,18,10,20,10,1,268,88,2,3,59,1
9,16,12,22,10,2,135,43,2,5,59,0
9,22,19,25,6,3,131,112,2,2,91,1
9,13,8,15,7,3,147,117,2,3,74,1
9,30,22,34,12,3,31,16,2,0,94,1
9,22,13,31,18,2,305,99,2,5,90,1
9,30,23,38,15,2,90,57,2,5,64,1
9,16,12,17,5,2,165,117,2,0,73,1
9,30,25,32,7,2,233,38,2,0,73,1
9,14,6,17,11,3,288,14,2,0,55,1
9,17,9,23,14,3,170,83,2,3,77,1
9,18,11,24,13,3,58,29,2,3,52,0
9,29,25,33,8,2,117,63,2,2,57,0
9,26,23,34,11,2,322,73,2,5,98,1
9,22,20,31,11,2,38,77,2,3,64,0
9,30,27,36,9,2,221,35,2,5,70,0
9,19,18,28,10,2,134,109,2,3,60,0
9,23,16,26,10,3,102,10,2,2,82,0
9,13,4,19,15,3,64,101,2,2,65,1
9,26,17,34,17,2,288,46,2,3,88,1
9,13,12,16,4,3,223,14,2,2,90,1
9,26,19,33,14,2,324,45,2,5,91,1
9,16,7,23,16,3,251,16,2,5,90,1
9,13,6,20,14,3,205,48,2,5,94,1
9,27,21,35,14,3,25,110,2,2,59,1
9,23,19,32,13,2,207,42,2,0,84,1
9,26,17,35,18,2,197,45,2,2,66,1
9,27,25,34,9,2,98,70,2,2,59,0
9,14,5,18,13,2,54,58,2,5,89,1
9,25,24,31,7,3,126,37,2,5,51,0
9,21,14,22,8,2,201,21,2,0,86,1
10,9,4,12,8,3,219,61,1,3,20,1
10,15,12,18,6,2,253,119,0,2,50,1
10,17,9,19,10,2,82,47,0,5,55,0
10,11,6,17,11,3,36,12,0,3,25,0
10,11,10,15,5,2,134,35,1,2,23,0
10,17,14,21,7,3,316,82,0,0,36,1
10,20,15,23,8,2,186,74,1,0,54,1
10,8,3,10,7,3,228,49,0,2,40,1
10,6,2,9,7,3,277,45,1,2,58,1
10,15,9,21,12,3,327,118,1,5,55,1
10,6,5,14,9,3,126,59,0,0,20,0
10,7,4,14,10,3,344,89,0,5,56,1
10,8,1,14,13,2,97,38,0,3,28,0
10,13,5,16,11,3,113,52,1,0,34,1
10,18,14,27,13,3,212,19,0,3,41,0
10,6,5,9,4,3,335,99,0,0,26,1
10,10,4,18,14,2,315,101,0,2,47,1
10,19,12,28,16,2,151,26,1,2,34,1
10,23,19,30,11,3,89,19,0,3,21,0
10,7,-2,16,18,2,88,98,1,3,36,0
10,5,-3,8,11,2,305,77,1,0,46,1
10,6,-2,13,15,2,319,118,0,0,56,1
10,18,11,22,11,3,288,102,1,2,21,1
10,22,14,24,10,2,315,20,0,3,38,0
10,8,4,9,5,3,149,17,1,2,29,0
10,17,16,19,3,2,263,103,0,3,29,0
10,23,21,32,11,3,239,96,0,0,39,1
10,23,17,27,10,2,90,63,0,2,44,0
10,17,9,22,13,2,156,110,1,2,29,1
10,16,11,18,7,2,147,30,1,5,39,0
10,6,3,10,7,3,52,88,0,2,25,0
11,16,7,21,14,3,136,115,0,2,38,1
11,11,8,13,5,1,277,43,0,0,35,0
11,8,0,10,10,2,279,46,1,5,46,0
11,16,14,25,11,3,294,70,1,2,59,1
11,16,7,24,17,3,294,46,0,0,57,1
11,9,1,15,14,2,180,112,0,3,24,1
11,7,-1,12,13,2,187,21,1,3,46,0
11,-2,-7,0,7,2,281,50,1,5,54,1
11,6,-1,13,14,0,340,85,0,0,31,1
11,11,10,20,10,2,54,83,0,0,42,0
11,0,-3,7,10,0,318,114,1,5,52,0
11,3,-6,12,18,1,156,107,0,2,54,1
11,7,-1,16,17,2,115,44,0,2,53,0
11,2,-2,6,8,2,128,42,0,3,37,0
11,-2,-3,2,5,3,293,25,1,5,33,0
11,2,0,8,8,1,271,20,1,3,41,0
11,6,5,15,10,3,234,113,0,0,20,1
11,12,10,19,9,1,210,36,0,5,36,0
11,10,6,16,10,0,265,112,1,5,23,0
11,-1,-9,2,11,0,322,63,1,3,58,0
11,9,2,13,11,2,223,52,0,3,30,1
11,1,-1,4,5,3,260,36,0,5,42,0
11,4,-2,9,11,1,269,38,1,3,21,0
11,-2,-9,4,13,1,258,13,0,5,55,0
11,14,6,21,15,3,145,51,1,2,54,1
11,7,3,14,11,0,32,12,1,2,59,0
11,4,1,6,5,1,349,75,1,0,58,1
11,3,-4,8,12,2,139,14,1,3,58,0
11,13,7,20,13,0,206,107,0,0,57,1
11,12,6,21,15,0,48,104,1,0,27,0
12,1,-7,2,9,0,40,58,0,3,55,0
12,2,1,6,5,1,213,16,1,4,42,0
12,6,5,8,3,0,321,64,0,0,52,0
12,-6,-13,-4,9,3,140,10,1,3,32,0
12,5,-2,12,14,3,191,13,1,3,24,0
12,-5,-7,-1,6,2,292,68,1,0,28,1
12,-6,-9,2,11,2,328,25,1,4,44,0
12,5,2,12,10,3,324,74,0,0,41,1
12,-1,-7,4,11,2,296,33,0,3,56,0
12,7,2,16,14,1,155,39,1,0,33,1
12,0,-3,4,7,2,108,11,0,3,47,0
12,0,-6,3,9,0,169,10,1,3,47,0
12,-1,-3,1,4,1,63,73,1,0,51,0
12,6,-1,13,14,3,109,29,1,3,52,0
12,4,-4,10,14,0,188,15,0,0,23,0
12,-4,-11,-3,8,1,28,119,0,3,31,0
12,-7,-13,-6,7,2,306,99,1,0,36,1
12,-6,-8,3,11,2,186,74,1,0,48,1
12,0,-6,3,9,1,201,74,0,3,40,0
12,1,-4,7,11,3,69,87,0,3,22,0
12,8,7,13,6,1,172,62,1,0,53,1
12,7,1,9,8,3,345,91,0,0,37,1
12,4,-4,10,14,3,175,48,1,3,24,1
12,8,3,16,13,2,68,68,1,0,44,1
12,5,1,13,12,1,160,76,0,3,35,1
12,-5,-11,0,11,3,143,60,1,0,30,1
12,0,-3,3,6,2,239,41,0,0,54,0
12,7,5,14,9,0,128,22,0,0,49,0
12,8,1,14,13,3,133,59,1,0,53,1
12,5,2,11,9,1,35,64,0,0,28,0
